"order_date","product_name","category","quantity","price","total_amount"
"2025-12-16 04:03:02.69975","Americano","Beverages",1,"80.96","80.96"
"2025-11-26 22:02:15.267833","Apple Turnover","Pastries",1,"154.54","154.54"
"2025-11-26 22:01:34.051564","Almonds Croissant","Pastries",1,"179.86","179.86"
"2025-11-26 14:31:51.573254","Almonds Croissant","Pastries",1,"179.86","179.86"
"2025-11-26 11:47:37.497138","Americano","Beverages",1,"80.96","80.96"
"2025-11-26 11:47:37.48671","Almonds Croissant","Pastries",1,"179.86","179.86"
"2025-11-26 10:41:44.590319","Almonds Croissant","Pastries",1,"179.86","179.86"
"2025-11-26 01:20:03.654692","Almond","Pastries",1,"5.59","5.59"
"2025-11-26 01:03:17.831524","Almonds","Pastries",1,"5.59","5.59"
"2025-11-25 16:50:42.095031","Almonds","Pastries",1,"5.59","5.59"
"2025-11-25 12:06:41.211597","Almond Croissant","Pastries",1,"8.42","8.42"
"2025-11-25 11:54:44.55963","Almond Croissant","Pastries",2,"8.42","16.84"
"2025-11-25 11:54:18.077793","Almond Croissant","Pastries",1,"8.42","8.42"
"2025-11-25 11:53:55.480319","Almond Croissant","Pastries",1,"8.42","8.42"
"2025-11-25 11:53:43.009297","Almond Croissant","Pastries",1,"8.42","8.42"
"2025-11-25 11:06:09.130337","Almonds","Pastries",1,"5.59","5.59"
"2025-11-25 11:05:21.796339","Almond Croissant","Pastries",1,"8.42","8.42"
"2025-11-25 08:54:28.52718","Almonds","Pastries",1,"5.59","5.59"
"2025-11-25 03:40:45.528145","Almonds","Pastries",1,"5.59","5.59"
"2025-11-25 03:40:45.392503","Almond Croissant","Pastries",1,"8.42","8.42"
"2025-11-25 03:24:10.875913","Almond Croissant","Pastries",1,"8.42","8.42"
"2025-11-24 23:49:31.060219","Almonds","Pastries",1,"5.59","5.59"
"2025-11-24 23:41:04.48265","Apple Turnover","Pastries",1,"154.54","154.54"
"2025-11-24 18:25:12","Espresso","Pastries",5,"195.76","978.80"
"2025-11-24 14:26:17","Baguette","Pastries",1,"133.77","133.77"
"2025-11-24 14:17:00","Red Velvet Cake","Pastries",2,"187.25","374.50"
"2025-11-24 14:02:43","Blueberry Muffin","Pastries",5,"185.15","925.75"
"2025-11-24 13:33:12","Iced Coffee","Beverages",2,"107.80","215.60"
"2025-11-24 07:14:47","Cappuccino","Pastries",1,"76.25","76.25"
"2025-11-24 05:24:41","Hot Chocolate","Pastries",2,"131.53","263.06"
"2025-11-24 03:04:09","Glazed Donut","Pastries",5,"148.75","743.75"
"2025-11-24 00:51:07","Chai Latte","Pastries",1,"100.50","100.50"
"2025-11-23 23:45:18","Americano","Pastries",4,"80.96","323.84"
"2025-11-23 21:56:55","Glazed Donut","Pastries",3,"148.75","446.25"
"2025-11-23 19:17:42","Mocha","Pastries",5,"61.74","308.70"
"2025-11-23 19:14:23","Blueberry Muffin","Pastries",5,"185.15","925.75"
"2025-11-23 13:22:46","Flat White","Pastries",3,"113.21","339.63"
"2025-11-23 13:17:44","Chai Latte","Pastries",5,"100.50","502.50"
"2025-11-23 10:18:22","Flat White","Pastries",1,"113.21","113.21"
"2025-11-23 10:15:20","Almonds","Pastries",3,"5.59","16.77"
"2025-11-23 08:43:32","Baguette","Pastries",3,"133.77","401.31"
"2025-11-23 08:14:15","Americano","Pastries",2,"80.96","161.92"
"2025-11-23 07:12:35","Iced Mocha","Pastries",3,"144.00","432.00"
"2025-11-23 05:45:15","Iced Mocha","Pastries",3,"144.00","432.00"
"2025-11-23 02:47:47","Eclair","Pastries",2,"146.12","292.24"
"2025-11-22 23:59:47","Chai Latte","Pastries",3,"100.50","301.50"
"2025-11-22 22:24:46","Red Velvet Cake","Pastries",1,"187.25","187.25"
"2025-11-22 00:53:36","Chocolate Chip Muffin","Pastries",5,"103.79","518.95"
"2025-11-21 23:22:39","Hot Chocolate","Pastries",5,"131.53","657.65"
"2025-11-21 16:48:05","Red Velvet Cake","Pastries",5,"187.25","936.25"
"2025-11-21 12:38:05","Apple Turnover","Pastries",4,"154.54","618.16"
"2025-11-21 10:09:41","Almonds","Pastries",3,"5.59","16.77"
"2025-11-21 05:55:16","Latte","Pastries",4,"108.74","434.96"
"2025-11-21 05:11:29","Flat White","Pastries",2,"113.21","226.42"
"2025-11-21 04:51:18","Espresso","Pastries",3,"195.76","587.28"
"2025-11-21 00:00:57","Red Velvet Cake","Pastries",3,"187.25","561.75"
"2025-11-20 20:36:00","Chocolate Chip Muffin","Pastries",4,"103.79","415.16"
"2025-11-20 17:26:52","Mocha","Pastries",2,"61.74","123.48"
"2025-11-20 11:09:06","Iced Coffee","Beverages",4,"107.80","431.20"
"2025-11-20 10:40:20","Flat White","Pastries",5,"113.21","566.05"
"2025-11-20 10:07:11","Mocha","Pastries",3,"61.74","185.22"
"2025-11-20 03:10:37","Iced Coffee","Beverages",1,"107.80","107.80"
"2025-11-20 02:08:50","Chai Latte","Pastries",4,"100.50","402.00"
"2025-11-19 22:36:06","Almond Croissant","Pastries",1,"8.42","8.42"
"2025-11-19 20:51:22","Americano","Pastries",4,"80.96","323.84"
"2025-11-19 16:14:22","Americano","Pastries",2,"80.96","161.92"
"2025-11-19 09:27:08","Iced Mocha","Pastries",3,"144.00","432.00"
"2025-11-19 07:52:05","Almond Croissant","Pastries",4,"8.42","33.68"
"2025-11-19 07:04:07","Red Velvet Cake","Pastries",1,"187.25","187.25"
"2025-11-19 05:46:36","Apple Turnover","Pastries",2,"154.54","309.08"
"2025-11-19 05:41:34","Almond Croissant","Pastries",5,"8.42","42.10"
"2025-11-19 04:34:22","Glazed Donut","Pastries",3,"148.75","446.25"
"2025-11-19 03:48:07","Flat White","Pastries",2,"113.21","226.42"
"2025-11-19 02:18:30","Red Velvet Cake","Pastries",1,"187.25","187.25"
"2025-11-18 23:08:24","Hot Chocolate","Pastries",2,"131.53","263.06"
"2025-11-18 20:11:24","Blueberry Muffin","Pastries",5,"185.15","925.75"
"2025-11-18 15:10:58","Hot Chocolate","Pastries",2,"131.53","263.06"
"2025-11-18 12:16:07","Glazed Donut","Pastries",2,"148.75","297.50"
"2025-11-18 11:35:55","Glazed Donut","Pastries",1,"148.75","148.75"
"2025-11-18 09:10:42","Hot Chocolate","Pastries",3,"131.53","394.59"
"2025-11-18 07:54:37","Cappuccino","Pastries",3,"76.25","228.75"
"2025-11-18 06:01:31","Apple Turnover","Pastries",3,"154.54","463.62"
"2025-11-18 03:31:28","Glazed Donut","Pastries",1,"148.75","148.75"
"2025-11-18 02:30:49","Tea","Beverages",4,"106.18","424.72"
"2025-11-18 00:17:04","Apple Turnover","Pastries",4,"154.54","618.16"
"2025-11-17 22:56:59","Iced Coffee","Beverages",5,"107.80","539.00"
"2025-11-17 22:43:35","Iced Mocha","Pastries",5,"144.00","720.00"
"2025-11-17 16:09:48","Almond Croissant","Pastries",4,"8.42","33.68"
"2025-11-17 14:43:08","Hot Chocolate","Pastries",4,"131.53","526.12"
"2025-11-17 07:36:59","Mocha","Pastries",4,"61.74","246.96"
"2025-11-17 06:45:25","Hot Chocolate","Pastries",5,"131.53","657.65"
"2025-11-17 06:41:37","Macchiato","Pastries",5,"93.97","469.85"
"2025-11-17 05:31:44","Flat White","Pastries",1,"113.21","113.21"
"2025-11-17 04:08:54","Red Velvet Cake","Pastries",3,"187.25","561.75"
"2025-11-16 19:57:52","Glazed Donut","Pastries",3,"148.75","446.25"
"2025-11-16 19:31:42","Cappuccino","Pastries",2,"76.25","152.50"
"2025-11-16 19:21:07","Red Velvet Cake","Pastries",3,"187.25","561.75"
"2025-11-16 18:03:55","Chocolate Chip Muffin","Pastries",2,"103.79","207.58"
"2025-11-16 15:26:16","Flat White","Pastries",3,"113.21","339.63"
"2025-11-16 14:03:51","Tiramisu","Pastries",2,"196.55","393.10"
"2025-11-16 13:43:26","Cappuccino","Pastries",2,"76.25","152.50"
"2025-11-16 05:47:35","Macchiato","Pastries",5,"93.97","469.85"
"2025-11-16 03:25:21","Chai Latte","Pastries",2,"100.50","201.00"
"2025-11-16 01:23:21","Iced Mocha","Pastries",2,"144.00","288.00"
"2025-11-16 00:03:31","Cappuccino","Pastries",5,"76.25","381.25"
"2025-11-15 23:54:21","Chai Latte","Pastries",5,"100.50","502.50"
"2025-11-15 21:38:32","Latte","Pastries",3,"108.74","326.22"
"2025-11-15 18:26:27","Iced Mocha","Pastries",2,"144.00","288.00"
"2025-11-15 16:24:35","Chocolate Chip Muffin","Pastries",3,"103.79","311.37"
"2025-11-15 14:56:00","Blueberry Muffin","Pastries",2,"185.15","370.30"
"2025-11-15 11:39:19","Cappuccino","Pastries",2,"76.25","152.50"
"2025-11-15 09:59:41","Red Velvet Cake","Pastries",5,"187.25","936.25"
"2025-11-15 04:40:03","Mocha","Pastries",1,"61.74","61.74"
"2025-11-15 04:34:27","Almonds","Pastries",5,"5.59","27.95"
"2025-11-15 00:49:19","Baguette","Pastries",4,"133.77","535.08"
"2025-11-15 00:07:31","Espresso","Pastries",2,"195.76","391.52"
"2025-11-14 23:17:22","Almonds","Pastries",1,"5.59","5.59"
"2025-11-14 23:04:56","Almonds","Pastries",1,"5.59","5.59"
"2025-11-14 20:39:01","Tiramisu","Pastries",5,"196.55","982.75"
"2025-11-14 16:24:47","Almonds","Pastries",5,"5.59","27.95"
"2025-11-14 13:07:48","Almond Croissant","Pastries",1,"8.42","8.42"
"2025-11-14 09:53:43","Tea","Beverages",2,"106.18","212.36"
"2025-11-14 09:39:04","Macchiato","Pastries",4,"93.97","375.88"
"2025-11-14 07:43:49","Flat White","Pastries",1,"113.21","113.21"
"2025-11-14 04:37:57","Chai Latte","Pastries",1,"100.50","100.50"
"2025-11-14 03:28:24","Mocha","Pastries",5,"61.74","308.70"
"2025-11-13 21:40:53","Chocolate Chip Muffin","Pastries",2,"103.79","207.58"
"2025-11-13 21:18:43","Macchiato","Pastries",5,"93.97","469.85"
"2025-11-13 19:19:29","Mocha","Pastries",5,"61.74","308.70"
"2025-11-13 18:06:53","Almonds","Pastries",5,"5.59","27.95"
"2025-11-13 16:21:24","Glazed Donut","Pastries",3,"148.75","446.25"
"2025-11-13 12:27:19","Almond Croissant","Pastries",1,"8.42","8.42"
"2025-11-13 07:50:08","Hot Chocolate","Pastries",1,"131.53","131.53"
"2025-11-13 06:06:59","Latte","Pastries",5,"108.74","543.70"
"2025-11-13 05:19:35","Blueberry Muffin","Pastries",1,"185.15","185.15"
"2025-11-13 04:32:13","Hot Chocolate","Pastries",4,"131.53","526.12"
"2025-11-13 03:07:19","Iced Coffee","Beverages",3,"107.80","323.40"
"2025-11-13 00:53:05","Tiramisu","Pastries",5,"196.55","982.75"
"2025-11-13 00:46:59","Macchiato","Pastries",5,"93.97","469.85"
"2025-11-12 16:02:54","Eclair","Pastries",4,"146.12","584.48"
"2025-11-12 15:58:10","Apple Turnover","Pastries",1,"154.54","154.54"
"2025-11-12 09:50:21","Iced Mocha","Pastries",1,"144.00","144.00"
"2025-11-12 06:54:10","Flat White","Pastries",3,"113.21","339.63"
"2025-11-12 03:19:06","Chai Latte","Pastries",2,"100.50","201.00"
"2025-11-12 00:03:44","Chocolate Chip Muffin","Pastries",3,"103.79","311.37"
"2025-11-11 22:11:13","Baguette","Pastries",3,"133.77","401.31"
"2025-11-11 19:42:24","Hot Chocolate","Pastries",3,"131.53","394.59"
"2025-11-11 08:11:55","Chai Latte","Pastries",3,"100.50","301.50"
"2025-11-11 07:53:12","Tea","Beverages",4,"106.18","424.72"
"2025-11-11 06:50:12","Almond Croissant","Pastries",3,"8.42","25.26"
"2025-11-10 23:24:33","Apple Turnover","Pastries",5,"154.54","772.70"
"2025-11-10 17:22:44","Latte","Pastries",5,"108.74","543.70"
"2025-11-10 13:36:10","Iced Mocha","Pastries",3,"144.00","432.00"
"2025-11-10 12:52:07","Apple Turnover","Pastries",1,"154.54","154.54"
"2025-11-10 11:13:45","Americano","Pastries",2,"80.96","161.92"
"2025-11-10 11:08:35","Iced Mocha","Pastries",3,"144.00","432.00"
"2025-11-10 05:29:25","Tea","Beverages",4,"106.18","424.72"
"2025-11-10 04:48:13","Tea","Beverages",1,"106.18","106.18"
"2025-11-10 02:24:45","Macchiato","Pastries",3,"93.97","281.91"
"2025-11-09 23:06:11","Flat White","Pastries",4,"113.21","452.84"
"2025-11-09 22:19:12","Almonds","Pastries",5,"5.59","27.95"
"2025-11-09 22:08:13","Tea","Beverages",2,"106.18","212.36"
"2025-11-09 20:19:46","Latte","Pastries",4,"108.74","434.96"
"2025-11-09 19:21:16","Hot Chocolate","Pastries",2,"131.53","263.06"
"2025-11-09 14:16:27","Latte","Pastries",5,"108.74","543.70"
"2025-11-09 12:19:13","Baguette","Pastries",4,"133.77","535.08"
"2025-11-09 11:30:59","Chai Latte","Pastries",2,"100.50","201.00"
"2025-11-09 06:20:09","Americano","Pastries",2,"80.96","161.92"
"2025-11-09 04:21:17","Almond Croissant","Pastries",2,"8.42","16.84"
"2025-11-09 04:04:01","Chai Latte","Pastries",5,"100.50","502.50"
"2025-11-08 21:02:57","Baguette","Pastries",4,"133.77","535.08"
"2025-11-08 12:41:12","Hot Chocolate","Pastries",5,"131.53","657.65"
"2025-11-08 12:05:12","Flat White","Pastries",2,"113.21","226.42"
"2025-11-08 12:05:04","Blueberry Muffin","Pastries",1,"185.15","185.15"
"2025-11-08 11:50:35","Flat White","Pastries",1,"113.21","113.21"
"2025-11-08 11:16:35","Blueberry Muffin","Pastries",3,"185.15","555.45"
"2025-11-08 09:28:40","Mocha","Pastries",1,"61.74","61.74"
"2025-11-08 09:17:40","Apple Turnover","Pastries",2,"154.54","309.08"
"2025-11-08 06:25:41","Macchiato","Pastries",1,"93.97","93.97"
"2025-11-08 06:00:58","Chai Latte","Pastries",5,"100.50","502.50"
"2025-11-08 04:53:06","Latte","Pastries",2,"108.74","217.48"
"2025-11-08 02:00:27","Chai Latte","Pastries",1,"100.50","100.50"
"2025-11-08 01:19:17","Tiramisu","Pastries",5,"196.55","982.75"
"2025-11-08 00:22:05","Flat White","Pastries",2,"113.21","226.42"
"2025-11-08 00:14:44","Eclair","Pastries",5,"146.12","730.60"
"2025-11-07 22:51:54","Flat White","Pastries",1,"113.21","113.21"
"2025-11-07 18:39:42","Cappuccino","Pastries",4,"76.25","305.00"
"2025-11-07 18:19:16","Macchiato","Pastries",3,"93.97","281.91"
"2025-11-07 17:38:41","Red Velvet Cake","Pastries",3,"187.25","561.75"
"2025-11-07 16:32:31","Cappuccino","Pastries",2,"76.25","152.50"
"2025-11-07 16:10:07","Flat White","Pastries",4,"113.21","452.84"
"2025-11-07 13:42:04","Espresso","Pastries",4,"195.76","783.04"
"2025-11-07 12:08:14","Tiramisu","Pastries",5,"196.55","982.75"
"2025-11-07 10:53:57","Almond Croissant","Pastries",2,"8.42","16.84"
"2025-11-07 07:37:58","Cappuccino","Pastries",1,"76.25","76.25"
"2025-11-07 05:11:47","Iced Mocha","Pastries",2,"144.00","288.00"
"2025-11-06 23:10:56","Tea","Beverages",5,"106.18","530.90"
"2025-11-06 21:51:43","Hot Chocolate","Pastries",4,"131.53","526.12"
"2025-11-06 21:10:10","Espresso","Pastries",4,"195.76","783.04"
"2025-11-06 19:42:56","Almonds","Pastries",4,"5.59","22.36"
"2025-11-06 19:23:14","Apple Turnover","Pastries",4,"154.54","618.16"
"2025-11-06 15:02:59","Iced Mocha","Pastries",4,"144.00","576.00"
"2025-11-06 13:21:02","Macchiato","Pastries",4,"93.97","375.88"
"2025-11-06 10:13:02","Red Velvet Cake","Pastries",2,"187.25","374.50"
"2025-11-06 04:52:38","Espresso","Pastries",2,"195.76","391.52"
"2025-11-06 04:15:55","Almond Croissant","Pastries",4,"8.42","33.68"
"2025-11-06 02:45:52","Flat White","Pastries",1,"113.21","113.21"
"2025-11-06 02:32:08","Glazed Donut","Pastries",5,"148.75","743.75"
"2025-11-05 18:11:03","Flat White","Pastries",2,"113.21","226.42"
"2025-11-05 17:27:36","Chai Latte","Pastries",4,"100.50","402.00"
"2025-11-05 17:06:26","Americano","Pastries",5,"80.96","404.80"
"2025-11-05 15:01:09","Espresso","Pastries",5,"195.76","978.80"
"2025-11-05 10:57:13","Apple Turnover","Pastries",5,"154.54","772.70"
"2025-11-05 10:17:07","Hot Chocolate","Pastries",5,"131.53","657.65"
"2025-11-05 07:39:32","Espresso","Pastries",2,"195.76","391.52"
"2025-11-05 06:46:05","Americano","Pastries",4,"80.96","323.84"
"2025-11-05 00:59:07","Americano","Pastries",2,"80.96","161.92"
"2025-11-04 14:04:44","Macchiato","Pastries",2,"93.97","187.94"
"2025-11-04 12:28:58","Espresso","Pastries",1,"195.76","195.76"
"2025-11-04 12:15:41","Cappuccino","Pastries",4,"76.25","305.00"
"2025-11-04 11:09:23","Almond Croissant","Pastries",3,"8.42","25.26"
"2025-11-04 10:08:04","Iced Mocha","Pastries",1,"144.00","144.00"
"2025-11-04 09:15:05","Chocolate Chip Muffin","Pastries",3,"103.79","311.37"
"2025-11-03 21:18:28","Flat White","Pastries",2,"113.21","226.42"
"2025-11-03 19:49:10","Iced Mocha","Pastries",4,"144.00","576.00"
"2025-11-03 19:07:12","Espresso","Pastries",1,"195.76","195.76"
"2025-11-03 18:19:21","Chai Latte","Pastries",4,"100.50","402.00"
"2025-11-03 17:29:39","Iced Coffee","Beverages",5,"107.80","539.00"
"2025-11-03 16:27:40","Cappuccino","Pastries",1,"76.25","76.25"
"2025-11-03 09:56:53","Espresso","Pastries",4,"195.76","783.04"
"2025-11-03 01:44:13","Hot Chocolate","Pastries",2,"131.53","263.06"
"2025-11-03 01:35:30","Flat White","Pastries",2,"113.21","226.42"
"2025-11-02 21:24:28","Eclair","Pastries",1,"146.12","146.12"
"2025-11-02 11:08:23","Cappuccino","Pastries",2,"76.25","152.50"
"2025-11-02 10:22:37","Tiramisu","Pastries",2,"196.55","393.10"
"2025-11-02 09:37:53","Macchiato","Pastries",5,"93.97","469.85"
"2025-11-02 09:07:43","Baguette","Pastries",5,"133.77","668.85"
"2025-11-02 08:53:31","Mocha","Pastries",3,"61.74","185.22"
"2025-11-02 03:53:36","Americano","Pastries",4,"80.96","323.84"
"2025-11-02 02:53:53","Almonds","Pastries",2,"5.59","11.18"
"2025-11-02 02:38:14","Tea","Beverages",3,"106.18","318.54"
"2025-11-01 17:50:58","Chocolate Chip Muffin","Pastries",2,"103.79","207.58"
"2025-11-01 16:54:11","Glazed Donut","Pastries",3,"148.75","446.25"
"2025-11-01 16:00:29","Flat White","Pastries",2,"113.21","226.42"
"2025-11-01 15:56:55","Almond Croissant","Pastries",3,"8.42","25.26"
"2025-11-01 15:53:22","Baguette","Pastries",5,"133.77","668.85"
"2025-11-01 09:52:25","Tiramisu","Pastries",5,"196.55","982.75"
"2025-11-01 09:10:24","Red Velvet Cake","Pastries",5,"187.25","936.25"
"2025-11-01 04:01:46","Tea","Beverages",2,"106.18","212.36"
"2025-11-01 03:35:49","Chai Latte","Pastries",5,"100.50","502.50"
"2025-11-01 03:16:23","Blueberry Muffin","Pastries",4,"185.15","740.60"
"2025-11-01 01:54:56","Iced Coffee","Beverages",1,"107.80","107.80"
"2025-11-01 01:15:35","Macchiato","Pastries",1,"93.97","93.97"
"2025-11-01 00:39:22","Tea","Beverages",5,"106.18","530.90"
"2025-10-31 15:54:27","Tiramisu","Pastries",1,"196.55","196.55"
"2025-10-31 15:07:11","Hot Chocolate","Pastries",2,"131.53","263.06"
"2025-10-31 12:22:57","Iced Coffee","Beverages",3,"107.80","323.40"
"2025-10-31 11:43:52","Blueberry Muffin","Pastries",5,"185.15","925.75"
"2025-10-31 09:23:20","Blueberry Muffin","Pastries",3,"185.15","555.45"
"2025-10-31 06:24:54","Iced Mocha","Pastries",5,"144.00","720.00"
"2025-10-31 01:54:51","Macchiato","Pastries",4,"93.97","375.88"
"2025-10-31 00:57:53","Chai Latte","Pastries",4,"100.50","402.00"
"2025-10-30 16:22:40","Macchiato","Pastries",2,"93.97","187.94"
"2025-10-30 14:43:48","Chocolate Chip Muffin","Pastries",1,"103.79","103.79"
"2025-10-30 09:40:33","Flat White","Pastries",2,"113.21","226.42"
"2025-10-30 08:51:06","Hot Chocolate","Pastries",2,"131.53","263.06"
"2025-10-30 07:50:43","Almonds","Pastries",1,"5.59","5.59"
"2025-10-30 05:14:58","Americano","Pastries",4,"80.96","323.84"
"2025-10-29 22:47:35","Espresso","Pastries",1,"195.76","195.76"
"2025-10-29 17:57:34","Hot Chocolate","Pastries",1,"131.53","131.53"
"2025-10-29 11:03:41","Iced Mocha","Pastries",2,"144.00","288.00"
"2025-10-29 06:28:21","Tea","Beverages",1,"106.18","106.18"
"2025-10-29 02:25:04","Blueberry Muffin","Pastries",1,"185.15","185.15"
"2025-10-28 20:11:29","Tiramisu","Pastries",5,"196.55","982.75"
"2025-10-28 16:01:17","Iced Coffee","Beverages",1,"107.80","107.80"
"2025-10-28 14:35:54","Iced Coffee","Beverages",5,"107.80","539.00"
"2025-10-28 08:35:11","Almond Croissant","Pastries",5,"8.42","42.10"
"2025-10-28 07:38:48","Baguette","Pastries",2,"133.77","267.54"
"2025-10-28 05:20:06","Espresso","Pastries",4,"195.76","783.04"
"2025-10-28 01:35:46","Hot Chocolate","Pastries",3,"131.53","394.59"
"2025-10-28 00:14:42","Almonds","Pastries",4,"5.59","22.36"
"2025-10-27 23:48:50","Mocha","Pastries",4,"61.74","246.96"
"2025-10-27 21:22:51","Cappuccino","Pastries",5,"76.25","381.25"
"2025-10-27 19:48:50","Espresso","Pastries",4,"195.76","783.04"
"2025-10-27 18:13:17","Blueberry Muffin","Pastries",3,"185.15","555.45"
"2025-10-27 15:05:12","Chai Latte","Pastries",3,"100.50","301.50"
"2025-10-27 09:58:11","Latte","Pastries",3,"108.74","326.22"
"2025-10-27 05:57:08","Hot Chocolate","Pastries",4,"131.53","526.12"
"2025-10-27 01:10:55","Mocha","Pastries",1,"61.74","61.74"
"2025-10-26 21:17:31","Iced Mocha","Pastries",2,"144.00","288.00"
"2025-10-26 20:29:33","Baguette","Pastries",2,"133.77","267.54"
"2025-10-26 19:14:07","Hot Chocolate","Pastries",1,"131.53","131.53"
"2025-10-26 16:46:35","Iced Coffee","Beverages",3,"107.80","323.40"
"2025-10-26 15:49:22","Glazed Donut","Pastries",1,"148.75","148.75"
"2025-10-26 15:34:35","Chocolate Chip Muffin","Pastries",2,"103.79","207.58"
"2025-10-26 13:35:37","Tiramisu","Pastries",3,"196.55","589.65"
"2025-10-26 11:53:10","Iced Coffee","Beverages",2,"107.80","215.60"
"2025-10-26 10:35:01","Glazed Donut","Pastries",5,"148.75","743.75"
"2025-10-26 09:38:21","Espresso","Pastries",2,"195.76","391.52"
"2025-10-26 07:53:19","Red Velvet Cake","Pastries",5,"187.25","936.25"
"2025-10-26 06:47:34","Flat White","Pastries",1,"113.21","113.21"
"2025-10-25 23:26:55","Baguette","Pastries",3,"133.77","401.31"
"2025-10-25 20:39:09","Mocha","Pastries",4,"61.74","246.96"
"2025-10-25 13:59:22","Red Velvet Cake","Pastries",1,"187.25","187.25"
"2025-10-25 12:01:01","Glazed Donut","Pastries",4,"148.75","595.00"
"2025-10-25 11:08:07","Hot Chocolate","Pastries",5,"131.53","657.65"
"2025-10-25 09:00:18","Americano","Pastries",5,"80.96","404.80"
"2025-10-25 06:07:57","Tiramisu","Pastries",1,"196.55","196.55"
"2025-10-25 00:32:22","Flat White","Pastries",5,"113.21","566.05"
"2025-10-24 18:12:09","Flat White","Pastries",4,"113.21","452.84"
"2025-10-24 15:23:16","Latte","Pastries",1,"108.74","108.74"
"2025-10-24 09:49:03","Almonds","Pastries",1,"5.59","5.59"
"2025-10-24 09:34:53","Almonds","Pastries",4,"5.59","22.36"
"2025-10-24 07:10:54","Iced Coffee","Beverages",1,"107.80","107.80"
"2025-10-24 03:43:32","Iced Mocha","Pastries",4,"144.00","576.00"
"2025-10-24 03:33:09","Iced Mocha","Pastries",5,"144.00","720.00"
"2025-10-24 03:24:56","Eclair","Pastries",4,"146.12","584.48"
"2025-10-23 23:50:35","Red Velvet Cake","Pastries",2,"187.25","374.50"
"2025-10-23 23:04:58","Almond Croissant","Pastries",4,"8.42","33.68"
"2025-10-23 22:46:26","Mocha","Pastries",3,"61.74","185.22"
"2025-10-23 21:42:15","Macchiato","Pastries",3,"93.97","281.91"
"2025-10-23 20:50:27","Tea","Beverages",4,"106.18","424.72"
"2025-10-23 20:28:23","Mocha","Pastries",5,"61.74","308.70"
"2025-10-23 19:13:37","Iced Coffee","Beverages",1,"107.80","107.80"
"2025-10-23 08:42:10","Chocolate Chip Muffin","Pastries",1,"103.79","103.79"
"2025-10-23 02:50:00","Glazed Donut","Pastries",1,"148.75","148.75"
"2025-10-22 23:55:48","Mocha","Pastries",2,"61.74","123.48"
"2025-10-22 22:33:30","Cappuccino","Pastries",1,"76.25","76.25"
"2025-10-22 20:27:06","Almond Croissant","Pastries",1,"8.42","8.42"
"2025-10-22 18:59:40","Iced Mocha","Pastries",5,"144.00","720.00"
"2025-10-22 15:22:20","Macchiato","Pastries",3,"93.97","281.91"
"2025-10-22 15:16:44","Iced Coffee","Beverages",3,"107.80","323.40"
"2025-10-22 13:41:17","Chocolate Chip Muffin","Pastries",5,"103.79","518.95"
"2025-10-22 12:31:53","Almond Croissant","Pastries",4,"8.42","33.68"
"2025-10-22 10:38:37","Tiramisu","Pastries",2,"196.55","393.10"
"2025-10-22 07:58:43","Iced Coffee","Beverages",5,"107.80","539.00"
"2025-10-22 06:53:52","Mocha","Pastries",5,"61.74","308.70"
"2025-10-22 02:50:41","Americano","Pastries",4,"80.96","323.84"
"2025-10-22 00:35:12","Americano","Pastries",1,"80.96","80.96"
"2025-10-21 20:55:36","Tea","Beverages",3,"106.18","318.54"
"2025-10-21 17:56:34","Iced Mocha","Pastries",1,"144.00","144.00"
"2025-10-21 16:41:12","Almond Croissant","Pastries",5,"8.42","42.10"
"2025-10-21 16:30:35","Tea","Beverages",1,"106.18","106.18"
"2025-10-21 13:34:31","Almond Croissant","Pastries",2,"8.42","16.84"
"2025-10-21 11:52:12","Blueberry Muffin","Pastries",4,"185.15","740.60"
"2025-10-21 10:14:19","Cappuccino","Pastries",5,"76.25","381.25"
"2025-10-21 08:08:28","Chai Latte","Pastries",1,"100.50","100.50"
"2025-10-21 05:15:47","Blueberry Muffin","Pastries",1,"185.15","185.15"
"2025-10-21 03:51:23","Hot Chocolate","Pastries",1,"131.53","131.53"
"2025-10-21 01:12:02","Almonds","Pastries",3,"5.59","16.77"
"2025-10-20 23:58:20","Blueberry Muffin","Pastries",1,"185.15","185.15"
"2025-10-20 20:27:39","Latte","Pastries",2,"108.74","217.48"
"2025-10-20 19:24:31","Chocolate Chip Muffin","Pastries",1,"103.79","103.79"
"2025-10-20 16:41:57","Flat White","Pastries",2,"113.21","226.42"
"2025-10-20 12:33:28","Americano","Pastries",3,"80.96","242.88"
"2025-10-20 12:28:50","Cappuccino","Pastries",5,"76.25","381.25"
"2025-10-20 10:47:56","Americano","Pastries",3,"80.96","242.88"
"2025-10-20 03:40:50","Red Velvet Cake","Pastries",5,"187.25","936.25"
"2025-10-20 02:19:02","Cappuccino","Pastries",2,"76.25","152.50"
"2025-10-20 01:46:13","Iced Mocha","Pastries",5,"144.00","720.00"
"2025-10-20 00:32:08","Almonds","Pastries",1,"5.59","5.59"
"2025-10-19 23:42:22","Glazed Donut","Pastries",5,"148.75","743.75"
"2025-10-19 21:38:38","Tea","Beverages",5,"106.18","530.90"
"2025-10-19 05:54:47","Red Velvet Cake","Pastries",1,"187.25","187.25"
"2025-10-19 01:41:26","Glazed Donut","Pastries",4,"148.75","595.00"
"2025-10-18 16:56:56","Tiramisu","Pastries",4,"196.55","786.20"
"2025-10-18 14:01:02","Iced Coffee","Beverages",4,"107.80","431.20"
"2025-10-18 10:23:09","Iced Mocha","Pastries",2,"144.00","288.00"
"2025-10-18 04:49:17","Hot Chocolate","Pastries",2,"131.53","263.06"
"2025-10-18 02:29:14","Tea","Beverages",1,"106.18","106.18"
"2025-10-18 00:41:57","Red Velvet Cake","Pastries",1,"187.25","187.25"
"2025-10-17 23:15:51","Tiramisu","Pastries",3,"196.55","589.65"
"2025-10-17 18:22:14","Macchiato","Pastries",2,"93.97","187.94"
"2025-10-17 16:34:22","Latte","Pastries",1,"108.74","108.74"
"2025-10-17 12:01:12","Chai Latte","Pastries",4,"100.50","402.00"
"2025-10-17 10:41:13","Tiramisu","Pastries",1,"196.55","196.55"
"2025-10-17 08:26:39","Tea","Beverages",2,"106.18","212.36"
"2025-10-17 08:08:00","Apple Turnover","Pastries",2,"154.54","309.08"
"2025-10-17 07:09:25","Mocha","Pastries",3,"61.74","185.22"
"2025-10-17 06:20:59","Red Velvet Cake","Pastries",1,"187.25","187.25"
"2025-10-17 02:24:21","Eclair","Pastries",3,"146.12","438.36"
"2025-10-16 22:26:57","Mocha","Pastries",2,"61.74","123.48"
"2025-10-16 19:40:15","Almond Croissant","Pastries",1,"8.42","8.42"
"2025-10-16 14:54:52","Almonds","Pastries",1,"5.59","5.59"
"2025-10-16 14:52:53","Blueberry Muffin","Pastries",3,"185.15","555.45"
"2025-10-16 14:33:04","Tea","Beverages",5,"106.18","530.90"
"2025-10-16 14:26:45","Chocolate Chip Muffin","Pastries",1,"103.79","103.79"
"2025-10-16 13:21:26","Americano","Pastries",1,"80.96","80.96"
"2025-10-16 12:00:29","Red Velvet Cake","Pastries",1,"187.25","187.25"
"2025-10-16 11:48:23","Eclair","Pastries",4,"146.12","584.48"
"2025-10-16 09:24:29","Glazed Donut","Pastries",1,"148.75","148.75"
"2025-10-16 06:00:27","Iced Mocha","Pastries",1,"144.00","144.00"
"2025-10-16 04:34:19","Chocolate Chip Muffin","Pastries",4,"103.79","415.16"
"2025-10-16 00:05:33","Hot Chocolate","Pastries",4,"131.53","526.12"
"2025-10-15 23:31:27","Eclair","Pastries",3,"146.12","438.36"
"2025-10-15 21:27:00","Baguette","Pastries",4,"133.77","535.08"
"2025-10-15 20:40:14","Iced Coffee","Beverages",4,"107.80","431.20"
"2025-10-15 13:05:18","Chocolate Chip Muffin","Pastries",5,"103.79","518.95"
"2025-10-15 12:34:40","Baguette","Pastries",1,"133.77","133.77"
"2025-10-15 12:02:32","Almonds","Pastries",1,"5.59","5.59"
"2025-10-15 07:40:57","Iced Mocha","Pastries",2,"144.00","288.00"
"2025-10-14 22:19:34","Hot Chocolate","Pastries",1,"131.53","131.53"
"2025-10-14 20:29:26","Almonds","Pastries",5,"5.59","27.95"
"2025-10-14 15:17:08","Hot Chocolate","Pastries",2,"131.53","263.06"
"2025-10-14 11:12:13","Cappuccino","Pastries",2,"76.25","152.50"
"2025-10-14 10:18:28","Blueberry Muffin","Pastries",2,"185.15","370.30"
"2025-10-14 05:50:22","Chocolate Chip Muffin","Pastries",4,"103.79","415.16"
"2025-10-14 02:11:46","Chocolate Chip Muffin","Pastries",3,"103.79","311.37"
"2025-10-13 14:04:15","Eclair","Pastries",2,"146.12","292.24"
"2025-10-13 12:01:40","Iced Mocha","Pastries",5,"144.00","720.00"
"2025-10-13 07:58:51","Chai Latte","Pastries",5,"100.50","502.50"
"2025-10-13 07:33:29","Eclair","Pastries",5,"146.12","730.60"
"2025-10-13 05:53:00","Baguette","Pastries",4,"133.77","535.08"
"2025-10-13 04:18:11","Hot Chocolate","Pastries",4,"131.53","526.12"
"2025-10-13 03:19:41","Apple Turnover","Pastries",2,"154.54","309.08"
"2025-10-13 02:22:23","Iced Mocha","Pastries",3,"144.00","432.00"
"2025-10-12 23:59:04","Almonds","Pastries",5,"5.59","27.95"
"2025-10-12 22:07:47","Almond Croissant","Pastries",4,"8.42","33.68"
"2025-10-12 20:54:09","Iced Coffee","Beverages",5,"107.80","539.00"
"2025-10-12 19:45:19","Latte","Pastries",1,"108.74","108.74"
"2025-10-12 18:40:04","Almonds","Pastries",4,"5.59","22.36"
"2025-10-12 18:05:14","Espresso","Pastries",1,"195.76","195.76"
"2025-10-12 17:04:50","Chai Latte","Pastries",2,"100.50","201.00"
"2025-10-12 14:56:45","Latte","Pastries",5,"108.74","543.70"
"2025-10-12 14:28:21","Cappuccino","Pastries",2,"76.25","152.50"
"2025-10-12 12:22:58","Latte","Pastries",2,"108.74","217.48"
"2025-10-12 07:17:17","Almonds","Pastries",2,"5.59","11.18"
"2025-10-12 03:23:41","Eclair","Pastries",3,"146.12","438.36"
"2025-10-12 01:28:01","Eclair","Pastries",4,"146.12","584.48"
"2025-10-11 19:50:08","Flat White","Pastries",2,"113.21","226.42"
"2025-10-11 16:15:32","Flat White","Pastries",1,"113.21","113.21"
"2025-10-11 14:37:01","Blueberry Muffin","Pastries",4,"185.15","740.60"
"2025-10-11 13:43:41","Hot Chocolate","Pastries",3,"131.53","394.59"
"2025-10-11 08:36:04","Macchiato","Pastries",3,"93.97","281.91"
"2025-10-11 06:01:40","Latte","Pastries",5,"108.74","543.70"
"2025-10-10 18:57:42","Americano","Pastries",4,"80.96","323.84"
"2025-10-10 18:53:50","Mocha","Pastries",3,"61.74","185.22"
"2025-10-10 16:35:04","Cappuccino","Pastries",2,"76.25","152.50"
"2025-10-10 16:24:18","Mocha","Pastries",4,"61.74","246.96"
"2025-10-10 12:19:41","Latte","Pastries",3,"108.74","326.22"
"2025-10-10 10:45:28","Almond Croissant","Pastries",4,"8.42","33.68"
"2025-10-10 07:45:40","Flat White","Pastries",3,"113.21","339.63"
"2025-10-10 05:26:14","Chai Latte","Pastries",5,"100.50","502.50"
"2025-10-10 00:58:13","Iced Mocha","Pastries",1,"144.00","144.00"
"2025-10-09 21:10:26","Iced Mocha","Pastries",4,"144.00","576.00"
"2025-10-09 16:05:50","Apple Turnover","Pastries",2,"154.54","309.08"
"2025-10-09 15:58:26","Baguette","Pastries",3,"133.77","401.31"
"2025-10-09 14:12:50","Hot Chocolate","Pastries",4,"131.53","526.12"
"2025-10-09 13:00:08","Mocha","Pastries",1,"61.74","61.74"
"2025-10-09 09:47:08","Chocolate Chip Muffin","Pastries",2,"103.79","207.58"
"2025-10-09 08:33:57","Iced Mocha","Pastries",5,"144.00","720.00"
"2025-10-09 08:21:27","Macchiato","Pastries",2,"93.97","187.94"
"2025-10-09 07:45:01","Baguette","Pastries",4,"133.77","535.08"
"2025-10-09 05:43:12","Tiramisu","Pastries",2,"196.55","393.10"
"2025-10-09 01:28:56","Americano","Pastries",2,"80.96","161.92"
"2025-10-08 23:19:27","Blueberry Muffin","Pastries",4,"185.15","740.60"
"2025-10-08 21:58:58","Cappuccino","Pastries",5,"76.25","381.25"
"2025-10-08 18:08:40","Baguette","Pastries",4,"133.77","535.08"
"2025-10-08 13:09:59","Almond Croissant","Pastries",1,"8.42","8.42"
"2025-10-08 08:49:30","Blueberry Muffin","Pastries",5,"185.15","925.75"
"2025-10-08 04:01:14","Latte","Pastries",4,"108.74","434.96"
"2025-10-07 21:47:02","Blueberry Muffin","Pastries",1,"185.15","185.15"
"2025-10-07 21:43:01","Flat White","Pastries",2,"113.21","226.42"
"2025-10-07 21:25:19","Latte","Pastries",3,"108.74","326.22"
"2025-10-07 18:44:47","Cappuccino","Pastries",2,"76.25","152.50"
"2025-10-07 16:02:29","Flat White","Pastries",4,"113.21","452.84"
"2025-10-07 14:32:47","Cappuccino","Pastries",4,"76.25","305.00"
"2025-10-07 09:08:10","Blueberry Muffin","Pastries",3,"185.15","555.45"
"2025-10-07 04:04:59","Espresso","Pastries",5,"195.76","978.80"
"2025-10-06 23:41:19","Americano","Pastries",2,"80.96","161.92"
"2025-10-06 23:05:34","Macchiato","Pastries",5,"93.97","469.85"
"2025-10-06 20:53:26","Cappuccino","Pastries",5,"76.25","381.25"
"2025-10-06 18:37:16","Chai Latte","Pastries",3,"100.50","301.50"
"2025-10-06 17:59:57","Almonds","Pastries",2,"5.59","11.18"
"2025-10-06 17:16:52","Iced Coffee","Beverages",2,"107.80","215.60"
"2025-10-06 17:11:59","Cappuccino","Pastries",4,"76.25","305.00"
"2025-10-06 15:49:35","Baguette","Pastries",1,"133.77","133.77"
"2025-10-06 15:22:49","Cappuccino","Pastries",5,"76.25","381.25"
"2025-10-06 13:12:26","Macchiato","Pastries",1,"93.97","93.97"
"2025-10-05 23:47:53","Hot Chocolate","Pastries",4,"131.53","526.12"
"2025-10-05 23:01:40","Macchiato","Pastries",2,"93.97","187.94"
"2025-10-05 21:03:04","Latte","Pastries",4,"108.74","434.96"
"2025-10-05 19:51:42","Macchiato","Pastries",4,"93.97","375.88"
"2025-10-05 12:36:10","Mocha","Pastries",2,"61.74","123.48"
"2025-10-05 10:23:08","Americano","Pastries",4,"80.96","323.84"
"2025-10-05 03:49:01","Cappuccino","Pastries",4,"76.25","305.00"
"2025-10-05 03:03:31","Iced Coffee","Beverages",1,"107.80","107.80"
"2025-10-04 21:54:48","Cappuccino","Pastries",4,"76.25","305.00"
"2025-10-04 18:45:49","Iced Coffee","Beverages",3,"107.80","323.40"
"2025-10-04 16:23:16","Red Velvet Cake","Pastries",2,"187.25","374.50"
"2025-10-04 13:14:08","Chai Latte","Pastries",3,"100.50","301.50"
"2025-10-04 11:09:36","Espresso","Pastries",1,"195.76","195.76"
"2025-10-04 10:32:43","Eclair","Pastries",2,"146.12","292.24"
"2025-10-04 09:30:17","Almond Croissant","Pastries",1,"8.42","8.42"
"2025-10-04 04:30:50","Chai Latte","Pastries",2,"100.50","201.00"
"2025-10-04 02:00:42","Iced Mocha","Pastries",5,"144.00","720.00"
"2025-10-03 17:39:02","Tea","Beverages",5,"106.18","530.90"
"2025-10-03 16:37:05","Baguette","Pastries",5,"133.77","668.85"
"2025-10-03 08:26:21","Apple Turnover","Pastries",4,"154.54","618.16"
"2025-10-03 07:53:35","Espresso","Pastries",4,"195.76","783.04"
"2025-10-03 06:12:48","Macchiato","Pastries",1,"93.97","93.97"
"2025-10-03 03:21:18","Tiramisu","Pastries",1,"196.55","196.55"
"2025-10-03 02:29:16","Tiramisu","Pastries",3,"196.55","589.65"
"2025-10-03 02:12:50","Apple Turnover","Pastries",3,"154.54","463.62"
"2025-10-03 00:33:08","Red Velvet Cake","Pastries",5,"187.25","936.25"
"2025-10-03 00:06:43","Iced Coffee","Beverages",5,"107.80","539.00"
"2025-10-02 22:15:29","Almond Croissant","Pastries",5,"8.42","42.10"
"2025-10-02 16:04:46","Blueberry Muffin","Pastries",2,"185.15","370.30"
"2025-10-02 15:07:58","Apple Turnover","Pastries",5,"154.54","772.70"
"2025-10-02 13:45:35","Almonds","Pastries",4,"5.59","22.36"
"2025-10-02 10:59:21","Americano","Pastries",2,"80.96","161.92"
"2025-10-02 06:09:58","Mocha","Pastries",4,"61.74","246.96"
"2025-10-02 05:22:24","Apple Turnover","Pastries",3,"154.54","463.62"
"2025-10-02 02:59:37","Eclair","Pastries",4,"146.12","584.48"
"2025-10-01 23:01:10","Flat White","Pastries",4,"113.21","452.84"
"2025-10-01 22:49:37","Glazed Donut","Pastries",3,"148.75","446.25"
"2025-10-01 19:08:13","Tiramisu","Pastries",4,"196.55","786.20"
"2025-10-01 13:55:29","Apple Turnover","Pastries",4,"154.54","618.16"
"2025-10-01 13:16:24","Iced Mocha","Pastries",3,"144.00","432.00"
"2025-10-01 12:01:14","Chocolate Chip Muffin","Pastries",5,"103.79","518.95"
"2025-10-01 06:53:19","Eclair","Pastries",5,"146.12","730.60"
"2025-10-01 06:31:04","Chai Latte","Pastries",3,"100.50","301.50"
"2025-10-01 05:07:31","Baguette","Pastries",5,"133.77","668.85"
"2025-10-01 03:20:21","Glazed Donut","Pastries",2,"148.75","297.50"
"2025-09-30 23:49:38","Hot Chocolate","Pastries",1,"131.53","131.53"
"2025-09-30 23:40:56","Espresso","Pastries",5,"195.76","978.80"
"2025-09-30 22:49:07","Tea","Beverages",2,"106.18","212.36"
"2025-09-30 22:06:45","Almond Croissant","Pastries",5,"8.42","42.10"
"2025-09-30 18:08:01","Baguette","Pastries",1,"133.77","133.77"
"2025-09-30 14:51:47","Apple Turnover","Pastries",1,"154.54","154.54"
"2025-09-30 14:13:02","Iced Mocha","Pastries",3,"144.00","432.00"
"2025-09-30 12:23:00","Iced Coffee","Beverages",1,"107.80","107.80"
"2025-09-30 07:01:02","Eclair","Pastries",3,"146.12","438.36"
"2025-09-30 01:13:33","Cappuccino","Pastries",3,"76.25","228.75"
"2025-09-30 00:51:59","Iced Mocha","Pastries",2,"144.00","288.00"
"2025-09-30 00:27:42","Cappuccino","Pastries",1,"76.25","76.25"
"2025-09-29 23:46:28","Blueberry Muffin","Pastries",2,"185.15","370.30"
"2025-09-29 21:06:03","Chai Latte","Pastries",1,"100.50","100.50"
"2025-09-29 20:48:08","Almond Croissant","Pastries",5,"8.42","42.10"
"2025-09-29 17:56:10","Eclair","Pastries",5,"146.12","730.60"
"2025-09-29 15:52:42","Hot Chocolate","Pastries",3,"131.53","394.59"
"2025-09-29 15:42:32","Apple Turnover","Pastries",2,"154.54","309.08"
"2025-09-29 15:07:30","Espresso","Pastries",4,"195.76","783.04"
"2025-09-29 13:43:08","Espresso","Pastries",4,"195.76","783.04"
"2025-09-29 10:19:51","Chocolate Chip Muffin","Pastries",4,"103.79","415.16"
"2025-09-29 08:04:41","Chocolate Chip Muffin","Pastries",2,"103.79","207.58"
"2025-09-29 06:50:30","Cappuccino","Pastries",2,"76.25","152.50"
"2025-09-29 03:14:39","Latte","Pastries",5,"108.74","543.70"
"2025-09-29 01:55:46","Cappuccino","Pastries",2,"76.25","152.50"
"2025-09-29 00:41:47","Iced Coffee","Beverages",2,"107.80","215.60"
"2025-09-28 22:11:34","Chocolate Chip Muffin","Pastries",1,"103.79","103.79"
"2025-09-28 18:42:39","Flat White","Pastries",5,"113.21","566.05"
"2025-09-28 18:09:39","Macchiato","Pastries",1,"93.97","93.97"
"2025-09-28 16:29:16","Flat White","Pastries",5,"113.21","566.05"
"2025-09-28 15:59:11","Cappuccino","Pastries",2,"76.25","152.50"
"2025-09-28 15:09:45","Iced Coffee","Beverages",1,"107.80","107.80"
"2025-09-28 11:51:32","Blueberry Muffin","Pastries",4,"185.15","740.60"
"2025-09-28 11:33:26","Iced Coffee","Beverages",4,"107.80","431.20"
"2025-09-27 13:26:27","Blueberry Muffin","Pastries",5,"185.15","925.75"
"2025-09-27 10:26:25","Apple Turnover","Pastries",3,"154.54","463.62"
"2025-09-27 03:13:38","Chai Latte","Pastries",2,"100.50","201.00"
"2025-09-27 00:07:37","Apple Turnover","Pastries",5,"154.54","772.70"
"2025-09-26 21:04:19","Blueberry Muffin","Pastries",4,"185.15","740.60"
"2025-09-26 15:09:20","Espresso","Pastries",4,"195.76","783.04"
"2025-09-26 09:40:05","Latte","Pastries",3,"108.74","326.22"
"2025-09-26 08:35:12","Apple Turnover","Pastries",2,"154.54","309.08"
"2025-09-26 07:10:32","Eclair","Pastries",5,"146.12","730.60"
"2025-09-26 05:26:56","Latte","Pastries",4,"108.74","434.96"
"2025-09-26 02:50:37","Tea","Beverages",2,"106.18","212.36"
"2025-09-26 02:36:23","Glazed Donut","Pastries",3,"148.75","446.25"
"2025-09-25 19:22:39","Tiramisu","Pastries",3,"196.55","589.65"
"2025-09-25 14:51:19","Almond Croissant","Pastries",3,"8.42","25.26"
"2025-09-25 14:38:07","Eclair","Pastries",1,"146.12","146.12"
"2025-09-25 12:27:31","Iced Coffee","Beverages",1,"107.80","107.80"
"2025-09-25 11:14:20","Tea","Beverages",5,"106.18","530.90"
"2025-09-25 09:20:11","Latte","Pastries",5,"108.74","543.70"
"2025-09-25 08:43:29","Hot Chocolate","Pastries",1,"131.53","131.53"
"2025-09-25 06:57:51","Glazed Donut","Pastries",2,"148.75","297.50"
"2025-09-25 06:39:53","Eclair","Pastries",5,"146.12","730.60"
"2025-09-25 03:17:27","Almond Croissant","Pastries",5,"8.42","42.10"
"2025-09-24 23:02:38","Almond Croissant","Pastries",1,"8.42","8.42"
"2025-09-24 22:17:12","Baguette","Pastries",2,"133.77","267.54"
"2025-09-24 19:40:45","Apple Turnover","Pastries",3,"154.54","463.62"
"2025-09-24 16:22:10","Chai Latte","Pastries",4,"100.50","402.00"
"2025-09-24 16:02:04","Tea","Beverages",3,"106.18","318.54"
"2025-09-24 15:39:28","Hot Chocolate","Pastries",2,"131.53","263.06"
"2025-09-24 12:20:13","Hot Chocolate","Pastries",4,"131.53","526.12"
"2025-09-24 06:18:34","Blueberry Muffin","Pastries",5,"185.15","925.75"
"2025-09-24 05:58:09","Blueberry Muffin","Pastries",1,"185.15","185.15"
"2025-09-24 04:26:38","Chocolate Chip Muffin","Pastries",5,"103.79","518.95"
"2025-09-24 04:04:29","Chai Latte","Pastries",2,"100.50","201.00"
"2025-09-24 03:57:42","Red Velvet Cake","Pastries",4,"187.25","749.00"
"2025-09-24 03:13:37","Macchiato","Pastries",1,"93.97","93.97"
"2025-09-23 21:38:09","Flat White","Pastries",3,"113.21","339.63"
"2025-09-23 18:45:50","Flat White","Pastries",3,"113.21","339.63"
"2025-09-23 16:12:11","Almond Croissant","Pastries",4,"8.42","33.68"
"2025-09-23 16:10:22","Red Velvet Cake","Pastries",4,"187.25","749.00"
"2025-09-23 12:30:32","Iced Mocha","Pastries",4,"144.00","576.00"
"2025-09-23 12:08:36","Macchiato","Pastries",4,"93.97","375.88"
"2025-09-23 12:05:56","Espresso","Pastries",2,"195.76","391.52"
"2025-09-23 09:36:50","Glazed Donut","Pastries",2,"148.75","297.50"
"2025-09-23 08:45:34","Cappuccino","Pastries",5,"76.25","381.25"
"2025-09-23 07:05:31","Red Velvet Cake","Pastries",2,"187.25","374.50"
"2025-09-23 06:35:08","Apple Turnover","Pastries",2,"154.54","309.08"
"2025-09-23 04:34:16","Cappuccino","Pastries",2,"76.25","152.50"
"2025-09-23 00:48:01","Cappuccino","Pastries",2,"76.25","152.50"
"2025-09-22 17:56:38","Iced Coffee","Beverages",1,"107.80","107.80"
"2025-09-22 14:03:43","Iced Mocha","Pastries",4,"144.00","576.00"
"2025-09-22 12:53:09","Baguette","Pastries",5,"133.77","668.85"
"2025-09-22 11:25:26","Mocha","Pastries",4,"61.74","246.96"
"2025-09-22 11:19:18","Tiramisu","Pastries",1,"196.55","196.55"
"2025-09-22 10:34:25","Espresso","Pastries",2,"195.76","391.52"
"2025-09-22 10:27:51","Cappuccino","Pastries",2,"76.25","152.50"
"2025-09-22 08:42:39","Mocha","Pastries",2,"61.74","123.48"
"2025-09-22 06:18:32","Macchiato","Pastries",4,"93.97","375.88"
"2025-09-22 04:36:42","Espresso","Pastries",4,"195.76","783.04"
"2025-09-21 23:54:23","Latte","Pastries",1,"108.74","108.74"
"2025-09-21 23:20:39","Mocha","Pastries",5,"61.74","308.70"
"2025-09-21 23:13:26","Flat White","Pastries",5,"113.21","566.05"
"2025-09-21 21:05:08","Apple Turnover","Pastries",2,"154.54","309.08"
"2025-09-21 17:59:33","Macchiato","Pastries",2,"93.97","187.94"
"2025-09-21 17:03:49","Macchiato","Pastries",1,"93.97","93.97"
"2025-09-21 15:23:14","Baguette","Pastries",3,"133.77","401.31"
"2025-09-21 13:11:37","Iced Coffee","Beverages",5,"107.80","539.00"
"2025-09-21 07:09:51","Flat White","Pastries",4,"113.21","452.84"
"2025-09-21 04:02:32","Espresso","Pastries",5,"195.76","978.80"
"2025-09-21 00:23:20","Eclair","Pastries",4,"146.12","584.48"
"2025-09-20 23:53:32","Blueberry Muffin","Pastries",2,"185.15","370.30"
"2025-09-20 21:51:48","Blueberry Muffin","Pastries",3,"185.15","555.45"
"2025-09-20 20:31:42","Chai Latte","Pastries",3,"100.50","301.50"
"2025-09-20 19:44:34","Apple Turnover","Pastries",5,"154.54","772.70"
"2025-09-20 18:29:59","Almond Croissant","Pastries",3,"8.42","25.26"
"2025-09-20 18:20:04","Americano","Pastries",4,"80.96","323.84"
"2025-09-20 14:10:46","Americano","Pastries",3,"80.96","242.88"
"2025-09-20 11:36:53","Almonds","Pastries",3,"5.59","16.77"
"2025-09-20 08:24:53","Apple Turnover","Pastries",5,"154.54","772.70"
"2025-09-20 07:58:26","Espresso","Pastries",1,"195.76","195.76"
"2025-09-20 07:23:16","Baguette","Pastries",3,"133.77","401.31"
"2025-09-20 07:11:49","Iced Mocha","Pastries",1,"144.00","144.00"
"2025-09-19 23:37:19","Espresso","Pastries",1,"195.76","195.76"
"2025-09-19 22:11:05","Mocha","Pastries",2,"61.74","123.48"
"2025-09-19 12:42:18","Baguette","Pastries",2,"133.77","267.54"
"2025-09-19 11:38:56","Espresso","Pastries",3,"195.76","587.28"
"2025-09-19 11:30:21","Chocolate Chip Muffin","Pastries",2,"103.79","207.58"
"2025-09-19 08:40:13","Eclair","Pastries",3,"146.12","438.36"
"2025-09-19 06:13:09","Eclair","Pastries",1,"146.12","146.12"
"2025-09-19 03:20:14","Iced Mocha","Pastries",4,"144.00","576.00"
"2025-09-19 02:56:58","Almond Croissant","Pastries",1,"8.42","8.42"
"2025-09-19 01:33:57","Mocha","Pastries",5,"61.74","308.70"
"2025-09-18 23:26:21","Red Velvet Cake","Pastries",5,"187.25","936.25"
"2025-09-18 20:48:13","Apple Turnover","Pastries",1,"154.54","154.54"
"2025-09-18 19:58:58","Glazed Donut","Pastries",4,"148.75","595.00"
"2025-09-18 12:44:27","Almond Croissant","Pastries",2,"8.42","16.84"
"2025-09-18 11:47:02","Tea","Beverages",1,"106.18","106.18"
"2025-09-18 04:46:56","Apple Turnover","Pastries",4,"154.54","618.16"
"2025-09-18 04:14:15","Eclair","Pastries",4,"146.12","584.48"
"2025-09-17 04:28:51","Hot Chocolate","Pastries",3,"131.53","394.59"
"2025-09-16 19:35:01","Iced Coffee","Beverages",4,"107.80","431.20"
"2025-09-16 07:53:29","Macchiato","Pastries",1,"93.97","93.97"
"2025-09-16 03:29:32","Glazed Donut","Pastries",2,"148.75","297.50"
"2025-09-15 22:51:08","Apple Turnover","Pastries",3,"154.54","463.62"
"2025-09-15 22:02:05","Eclair","Pastries",2,"146.12","292.24"
"2025-09-15 21:47:46","Flat White","Pastries",2,"113.21","226.42"
"2025-09-15 21:36:26","Macchiato","Pastries",4,"93.97","375.88"
"2025-09-15 18:39:41","Hot Chocolate","Pastries",4,"131.53","526.12"
"2025-09-15 18:36:44","Iced Mocha","Pastries",2,"144.00","288.00"
"2025-09-15 17:26:00","Hot Chocolate","Pastries",3,"131.53","394.59"
"2025-09-15 12:36:48","Mocha","Pastries",1,"61.74","61.74"
"2025-09-15 07:13:08","Baguette","Pastries",3,"133.77","401.31"
"2025-09-15 05:30:15","Tea","Beverages",5,"106.18","530.90"
"2025-09-15 03:30:48","Almond Croissant","Pastries",2,"8.42","16.84"
"2025-09-15 01:06:45","Almonds","Pastries",1,"5.59","5.59"
"2025-09-14 23:02:41","Blueberry Muffin","Pastries",4,"185.15","740.60"
"2025-09-14 22:41:09","Chocolate Chip Muffin","Pastries",1,"103.79","103.79"
"2025-09-14 21:41:03","Mocha","Pastries",2,"61.74","123.48"
"2025-09-14 21:40:49","Chai Latte","Pastries",2,"100.50","201.00"
"2025-09-14 20:22:53","Iced Mocha","Pastries",3,"144.00","432.00"
"2025-09-14 19:48:21","Macchiato","Pastries",4,"93.97","375.88"
"2025-09-14 17:34:29","Almond Croissant","Pastries",1,"8.42","8.42"
"2025-09-14 17:19:34","Cappuccino","Pastries",1,"76.25","76.25"
"2025-09-14 14:57:33","Flat White","Pastries",4,"113.21","452.84"
"2025-09-14 14:36:43","Baguette","Pastries",1,"133.77","133.77"
"2025-09-14 11:43:08","Iced Coffee","Beverages",2,"107.80","215.60"
"2025-09-14 10:29:45","Iced Coffee","Beverages",1,"107.80","107.80"
"2025-09-14 10:28:47","Baguette","Pastries",2,"133.77","267.54"
"2025-09-14 06:29:51","Tea","Beverages",4,"106.18","424.72"
"2025-09-14 04:35:08","Almond Croissant","Pastries",2,"8.42","16.84"
"2025-09-14 02:14:43","Baguette","Pastries",5,"133.77","668.85"
"2025-09-14 01:45:59","Eclair","Pastries",5,"146.12","730.60"
"2025-09-13 23:13:12","Almond Croissant","Pastries",3,"8.42","25.26"
"2025-09-13 19:09:50","Espresso","Pastries",5,"195.76","978.80"
"2025-09-13 18:46:47","Macchiato","Pastries",4,"93.97","375.88"
"2025-09-13 18:35:51","Eclair","Pastries",5,"146.12","730.60"
"2025-09-13 18:04:25","Glazed Donut","Pastries",1,"148.75","148.75"
"2025-09-13 13:36:20","Eclair","Pastries",4,"146.12","584.48"
"2025-09-13 11:26:58","Blueberry Muffin","Pastries",3,"185.15","555.45"
"2025-09-13 10:25:45","Tea","Beverages",4,"106.18","424.72"
"2025-09-13 09:28:24","Almonds","Pastries",3,"5.59","16.77"
"2025-09-13 06:00:01","Red Velvet Cake","Pastries",4,"187.25","749.00"
"2025-09-13 05:22:56","Red Velvet Cake","Pastries",2,"187.25","374.50"
"2025-09-13 02:25:45","Hot Chocolate","Pastries",5,"131.53","657.65"
"2025-09-12 21:31:06","Hot Chocolate","Pastries",1,"131.53","131.53"
"2025-09-12 21:18:58","Iced Mocha","Pastries",5,"144.00","720.00"
"2025-09-12 19:37:04","Almond Croissant","Pastries",5,"8.42","42.10"
"2025-09-12 18:51:32","Blueberry Muffin","Pastries",5,"185.15","925.75"
"2025-09-12 16:33:59","Hot Chocolate","Pastries",5,"131.53","657.65"
"2025-09-12 11:53:20","Chocolate Chip Muffin","Pastries",3,"103.79","311.37"
"2025-09-12 10:38:41","Iced Mocha","Pastries",5,"144.00","720.00"
"2025-09-12 10:32:09","Cappuccino","Pastries",2,"76.25","152.50"
"2025-09-12 08:48:06","Eclair","Pastries",3,"146.12","438.36"
"2025-09-12 07:28:32","Apple Turnover","Pastries",5,"154.54","772.70"
"2025-09-12 03:49:32","Cappuccino","Pastries",5,"76.25","381.25"
"2025-09-12 03:06:39","Americano","Pastries",2,"80.96","161.92"
"2025-09-11 21:54:43","Red Velvet Cake","Pastries",3,"187.25","561.75"
"2025-09-11 16:29:27","Tea","Beverages",3,"106.18","318.54"
"2025-09-11 12:32:42","Cappuccino","Pastries",3,"76.25","228.75"
"2025-09-11 09:28:54","Chocolate Chip Muffin","Pastries",2,"103.79","207.58"
"2025-09-11 06:58:24","Baguette","Pastries",4,"133.77","535.08"
"2025-09-11 05:14:45","Hot Chocolate","Pastries",4,"131.53","526.12"
"2025-09-11 01:39:49","Almonds","Pastries",1,"5.59","5.59"
"2025-09-11 00:00:33","Apple Turnover","Pastries",2,"154.54","309.08"
"2025-09-10 21:58:27","Apple Turnover","Pastries",5,"154.54","772.70"
"2025-09-10 18:53:41","Tea","Beverages",2,"106.18","212.36"
"2025-09-10 13:17:05","Eclair","Pastries",4,"146.12","584.48"
"2025-09-10 10:15:22","Tea","Beverages",2,"106.18","212.36"
"2025-09-10 06:48:13","Tiramisu","Pastries",4,"196.55","786.20"
"2025-09-10 05:11:29","Almonds","Pastries",4,"5.59","22.36"
"2025-09-10 03:40:19","Almond Croissant","Pastries",2,"8.42","16.84"
"2025-09-09 22:32:49","Hot Chocolate","Pastries",5,"131.53","657.65"
"2025-09-09 20:11:14","Latte","Pastries",5,"108.74","543.70"
"2025-09-09 19:00:10","Almonds","Pastries",3,"5.59","16.77"
"2025-09-09 18:07:21","Tea","Beverages",1,"106.18","106.18"
"2025-09-09 16:56:19","Almonds","Pastries",5,"5.59","27.95"
"2025-09-09 15:42:31","Iced Coffee","Beverages",3,"107.80","323.40"
"2025-09-09 12:58:12","Mocha","Pastries",5,"61.74","308.70"
"2025-09-09 12:51:33","Glazed Donut","Pastries",3,"148.75","446.25"
"2025-09-09 11:14:50","Tea","Beverages",5,"106.18","530.90"
"2025-09-09 10:53:59","Tea","Beverages",1,"106.18","106.18"
"2025-09-09 10:29:57","Mocha","Pastries",2,"61.74","123.48"
"2025-09-09 05:45:58","Tiramisu","Pastries",2,"196.55","393.10"
"2025-09-09 04:58:34","Espresso","Pastries",3,"195.76","587.28"
"2025-09-09 03:21:03","Apple Turnover","Pastries",5,"154.54","772.70"
"2025-09-09 03:10:14","Red Velvet Cake","Pastries",5,"187.25","936.25"
"2025-09-09 00:11:31","Glazed Donut","Pastries",5,"148.75","743.75"
"2025-09-08 18:11:28","Glazed Donut","Pastries",5,"148.75","743.75"
"2025-09-08 11:24:02","Baguette","Pastries",5,"133.77","668.85"
"2025-09-08 10:13:59","Blueberry Muffin","Pastries",5,"185.15","925.75"
"2025-09-08 04:53:20","Tea","Beverages",4,"106.18","424.72"
"2025-09-08 04:45:38","Tiramisu","Pastries",2,"196.55","393.10"
"2025-09-08 03:23:59","Macchiato","Pastries",5,"93.97","469.85"
"2025-09-08 01:17:22","Iced Coffee","Beverages",2,"107.80","215.60"
"2025-09-07 19:58:43","Chocolate Chip Muffin","Pastries",3,"103.79","311.37"
"2025-09-07 19:56:35","Apple Turnover","Pastries",1,"154.54","154.54"
"2025-09-07 19:20:03","Almonds","Pastries",1,"5.59","5.59"
"2025-09-07 17:06:45","Chai Latte","Pastries",1,"100.50","100.50"
"2025-09-07 16:50:21","Tea","Beverages",4,"106.18","424.72"
"2025-09-07 13:12:52","Espresso","Pastries",4,"195.76","783.04"
"2025-09-07 09:45:34","Glazed Donut","Pastries",3,"148.75","446.25"
"2025-09-07 08:34:59","Tea","Beverages",2,"106.18","212.36"
"2025-09-07 07:07:51","Latte","Pastries",5,"108.74","543.70"
"2025-09-07 05:21:54","Red Velvet Cake","Pastries",1,"187.25","187.25"
"2025-09-07 04:08:04","Eclair","Pastries",1,"146.12","146.12"
"2025-09-07 04:05:58","Iced Mocha","Pastries",5,"144.00","720.00"
"2025-09-07 02:57:49","Hot Chocolate","Pastries",1,"131.53","131.53"
"2025-09-07 00:26:18","Chocolate Chip Muffin","Pastries",2,"103.79","207.58"
"2025-09-06 17:38:50","Hot Chocolate","Pastries",5,"131.53","657.65"
"2025-09-06 13:52:33","Glazed Donut","Pastries",3,"148.75","446.25"
"2025-09-06 13:14:09","Red Velvet Cake","Pastries",4,"187.25","749.00"
"2025-09-06 13:09:07","Chai Latte","Pastries",1,"100.50","100.50"
"2025-09-06 12:46:56","Latte","Pastries",5,"108.74","543.70"
"2025-09-06 11:56:25","Mocha","Pastries",5,"61.74","308.70"
"2025-09-06 09:09:08","Americano","Pastries",1,"80.96","80.96"
"2025-09-06 07:11:38","Flat White","Pastries",4,"113.21","452.84"
"2025-09-06 05:05:15","Cappuccino","Pastries",3,"76.25","228.75"
"2025-09-06 00:01:18","Chocolate Chip Muffin","Pastries",3,"103.79","311.37"
"2025-09-05 23:24:24","Cappuccino","Pastries",1,"76.25","76.25"
"2025-09-05 23:05:48","Flat White","Pastries",5,"113.21","566.05"
"2025-09-05 15:01:21","Cappuccino","Pastries",5,"76.25","381.25"
"2025-09-05 14:24:26","Blueberry Muffin","Pastries",1,"185.15","185.15"
"2025-09-05 13:08:19","Iced Mocha","Pastries",3,"144.00","432.00"
"2025-09-05 09:25:08","Eclair","Pastries",3,"146.12","438.36"
"2025-09-05 05:18:17","Chocolate Chip Muffin","Pastries",2,"103.79","207.58"
"2025-09-05 02:28:16","Latte","Pastries",2,"108.74","217.48"
"2025-09-05 01:14:42","Tiramisu","Pastries",4,"196.55","786.20"
"2025-09-04 22:43:21","Blueberry Muffin","Pastries",1,"185.15","185.15"
"2025-09-04 19:23:57","Almond Croissant","Pastries",2,"8.42","16.84"
"2025-09-04 19:11:19","Espresso","Pastries",1,"195.76","195.76"
"2025-09-04 15:02:35","Flat White","Pastries",2,"113.21","226.42"
"2025-09-04 13:12:57","Chai Latte","Pastries",5,"100.50","502.50"
"2025-09-04 12:15:53","Tea","Beverages",1,"106.18","106.18"
"2025-09-04 04:36:45","Baguette","Pastries",5,"133.77","668.85"
"2025-09-04 02:15:18","Iced Coffee","Beverages",4,"107.80","431.20"
"2025-09-03 21:37:29","Chai Latte","Pastries",2,"100.50","201.00"
"2025-09-03 16:57:38","Baguette","Pastries",1,"133.77","133.77"
"2025-09-03 16:54:29","Latte","Pastries",5,"108.74","543.70"
"2025-09-03 16:44:15","Iced Mocha","Pastries",5,"144.00","720.00"
"2025-09-03 10:58:01","Latte","Pastries",4,"108.74","434.96"
"2025-09-02 13:38:44","Iced Coffee","Beverages",2,"107.80","215.60"
"2025-09-02 09:23:06","Tiramisu","Pastries",4,"196.55","786.20"
"2025-09-02 09:07:04","Blueberry Muffin","Pastries",4,"185.15","740.60"
"2025-09-02 06:59:03","Almonds","Pastries",3,"5.59","16.77"
"2025-09-02 02:22:53","Eclair","Pastries",1,"146.12","146.12"
"2025-09-01 22:21:29","Chocolate Chip Muffin","Pastries",1,"103.79","103.79"
"2025-09-01 18:46:27","Chai Latte","Pastries",3,"100.50","301.50"
"2025-09-01 17:25:53","Americano","Pastries",1,"80.96","80.96"
"2025-09-01 16:52:12","Espresso","Pastries",2,"195.76","391.52"
"2025-09-01 15:22:54","Iced Coffee","Beverages",2,"107.80","215.60"
"2025-09-01 10:07:37","Iced Coffee","Beverages",3,"107.80","323.40"
"2025-09-01 06:07:21","Cappuccino","Pastries",4,"76.25","305.00"
"2025-09-01 03:55:27","Baguette","Pastries",3,"133.77","401.31"
"2025-09-01 02:27:52","Latte","Pastries",5,"108.74","543.70"
"2025-09-01 01:11:29","Macchiato","Pastries",1,"93.97","93.97"
"2025-09-01 00:49:28","Blueberry Muffin","Pastries",1,"185.15","185.15"
"2025-08-31 22:21:12","Almonds","Pastries",5,"5.59","27.95"
"2025-08-31 19:17:12","Almonds","Pastries",4,"5.59","22.36"
"2025-08-31 09:22:19","Iced Mocha","Pastries",4,"144.00","576.00"
"2025-08-31 08:42:37","Cappuccino","Pastries",1,"76.25","76.25"
"2025-08-31 07:48:42","Iced Coffee","Beverages",2,"107.80","215.60"
"2025-08-31 04:25:53","Mocha","Pastries",3,"61.74","185.22"
"2025-08-31 03:55:44","Tea","Beverages",4,"106.18","424.72"
"2025-08-31 00:29:16","Espresso","Pastries",5,"195.76","978.80"
"2025-08-30 23:48:56","Glazed Donut","Pastries",1,"148.75","148.75"
"2025-08-30 22:41:01","Eclair","Pastries",2,"146.12","292.24"
"2025-08-30 20:55:10","Tiramisu","Pastries",3,"196.55","589.65"
"2025-08-30 19:22:05","Tiramisu","Pastries",4,"196.55","786.20"
"2025-08-30 19:01:44","Chai Latte","Pastries",3,"100.50","301.50"
"2025-08-30 18:31:46","Chai Latte","Pastries",4,"100.50","402.00"
"2025-08-30 17:31:26","Americano","Pastries",3,"80.96","242.88"
"2025-08-30 16:47:54","Iced Coffee","Beverages",2,"107.80","215.60"
"2025-08-30 14:48:25","Almond Croissant","Pastries",3,"8.42","25.26"
"2025-08-30 13:41:11","Mocha","Pastries",1,"61.74","61.74"
"2025-08-30 13:02:45","Blueberry Muffin","Pastries",5,"185.15","925.75"
"2025-08-30 07:24:45","Tiramisu","Pastries",2,"196.55","393.10"
"2025-08-29 20:50:16","Iced Mocha","Pastries",4,"144.00","576.00"
"2025-08-29 18:25:02","Espresso","Pastries",1,"195.76","195.76"
"2025-08-29 17:30:48","Iced Coffee","Beverages",4,"107.80","431.20"
"2025-08-29 15:10:12","Red Velvet Cake","Pastries",1,"187.25","187.25"
"2025-08-29 11:08:02","Apple Turnover","Pastries",1,"154.54","154.54"
"2025-08-29 10:38:27","Chai Latte","Pastries",5,"100.50","502.50"
"2025-08-29 09:44:28","Americano","Pastries",4,"80.96","323.84"
"2025-08-29 05:18:27","Baguette","Pastries",4,"133.77","535.08"
"2025-08-29 04:06:30","Tea","Beverages",4,"106.18","424.72"
"2025-08-29 01:11:10","Mocha","Pastries",2,"61.74","123.48"
"2025-08-28 21:33:12","Macchiato","Pastries",2,"93.97","187.94"
"2025-08-28 16:37:18","Hot Chocolate","Pastries",3,"131.53","394.59"
"2025-08-28 15:46:11","Iced Coffee","Beverages",4,"107.80","431.20"
"2025-08-28 14:04:47","Red Velvet Cake","Pastries",4,"187.25","749.00"
"2025-08-28 12:31:32","Americano","Pastries",2,"80.96","161.92"
"2025-08-28 09:23:10","Cappuccino","Pastries",5,"76.25","381.25"
"2025-08-28 08:57:46","Cappuccino","Pastries",3,"76.25","228.75"
"2025-08-28 08:00:18","Macchiato","Pastries",4,"93.97","375.88"
"2025-08-28 06:29:45","Macchiato","Pastries",1,"93.97","93.97"
"2025-08-27 23:50:47","Chocolate Chip Muffin","Pastries",1,"103.79","103.79"
"2025-08-27 15:12:28","Almonds","Pastries",5,"5.59","27.95"
"2025-08-27 11:06:22","Almond Croissant","Pastries",3,"8.42","25.26"
"2025-08-27 10:10:34","Cappuccino","Pastries",5,"76.25","381.25"
"2025-08-27 06:14:13","Flat White","Pastries",3,"113.21","339.63"
"2025-08-27 04:11:58","Latte","Pastries",3,"108.74","326.22"
"2025-08-27 01:49:02","Tea","Beverages",2,"106.18","212.36"
"2025-08-26 22:53:06","Flat White","Pastries",1,"113.21","113.21"
"2025-08-26 14:45:09","Almonds","Pastries",3,"5.59","16.77"
"2025-08-26 14:19:33","Latte","Pastries",4,"108.74","434.96"
"2025-08-26 13:15:46","Americano","Pastries",4,"80.96","323.84"
"2025-08-26 05:40:45","Baguette","Pastries",4,"133.77","535.08"
"2025-08-26 02:35:22","Baguette","Pastries",5,"133.77","668.85"
"2025-08-26 02:21:50","Glazed Donut","Pastries",3,"148.75","446.25"
"2025-08-26 01:02:57","Mocha","Pastries",2,"61.74","123.48"
"2025-08-26 00:07:41","Latte","Pastries",3,"108.74","326.22"
"2025-08-25 13:32:34","Iced Coffee","Beverages",3,"107.80","323.40"
"2025-08-25 13:25:06","Red Velvet Cake","Pastries",5,"187.25","936.25"
"2025-08-25 13:10:17","Almond Croissant","Pastries",5,"8.42","42.10"
"2025-08-25 10:40:08","Apple Turnover","Pastries",5,"154.54","772.70"
"2025-08-25 09:33:26","Glazed Donut","Pastries",4,"148.75","595.00"
"2025-08-25 08:30:05","Iced Coffee","Beverages",5,"107.80","539.00"
"2025-08-25 06:56:43","Eclair","Pastries",4,"146.12","584.48"
"2025-08-25 05:43:35","Espresso","Pastries",3,"195.76","587.28"
"2025-08-24 19:36:21","Apple Turnover","Pastries",5,"154.54","772.70"
"2025-08-24 14:30:54","Apple Turnover","Pastries",3,"154.54","463.62"
"2025-08-24 14:02:33","Tea","Beverages",4,"106.18","424.72"
"2025-08-24 13:29:01","Glazed Donut","Pastries",4,"148.75","595.00"
"2025-08-24 09:14:25","Chai Latte","Pastries",4,"100.50","402.00"
"2025-08-24 07:26:21","Almond Croissant","Pastries",2,"8.42","16.84"
"2025-08-24 07:17:51","Almonds","Pastries",5,"5.59","27.95"
"2025-08-24 03:54:18","Apple Turnover","Pastries",5,"154.54","772.70"
"2025-08-24 01:02:02","Eclair","Pastries",5,"146.12","730.60"
"2025-08-24 00:55:39","Cappuccino","Pastries",3,"76.25","228.75"
"2025-08-23 21:01:11","Chocolate Chip Muffin","Pastries",5,"103.79","518.95"
"2025-08-23 14:13:10","Tiramisu","Pastries",4,"196.55","786.20"
"2025-08-23 12:04:19","Chocolate Chip Muffin","Pastries",3,"103.79","311.37"
"2025-08-23 09:34:40","Latte","Pastries",5,"108.74","543.70"
"2025-08-23 09:03:29","Mocha","Pastries",3,"61.74","185.22"
"2025-08-23 07:05:16","Latte","Pastries",5,"108.74","543.70"
"2025-08-23 05:35:34","Tea","Beverages",1,"106.18","106.18"
"2025-08-23 03:12:40","Macchiato","Pastries",3,"93.97","281.91"
"2025-08-23 02:13:38","Iced Mocha","Pastries",1,"144.00","144.00"
"2025-08-22 20:11:11","Latte","Pastries",3,"108.74","326.22"
"2025-08-22 18:41:50","Iced Mocha","Pastries",5,"144.00","720.00"
"2025-08-22 09:49:21","Iced Mocha","Pastries",3,"144.00","432.00"
"2025-08-22 09:40:18","Espresso","Pastries",1,"195.76","195.76"
"2025-08-22 01:29:00","Tiramisu","Pastries",2,"196.55","393.10"
"2025-08-22 00:51:07","Blueberry Muffin","Pastries",2,"185.15","370.30"
"2025-08-22 00:16:21","Mocha","Pastries",1,"61.74","61.74"
"2025-08-21 18:19:55","Red Velvet Cake","Pastries",5,"187.25","936.25"
"2025-08-21 17:19:11","Baguette","Pastries",4,"133.77","535.08"
"2025-08-21 08:12:18","Espresso","Pastries",5,"195.76","978.80"
"2025-08-21 05:19:32","Chai Latte","Pastries",2,"100.50","201.00"
"2025-08-21 05:05:37","Latte","Pastries",5,"108.74","543.70"
"2025-08-21 03:51:12","Americano","Pastries",2,"80.96","161.92"
"2025-08-21 01:21:38","Almonds","Pastries",2,"5.59","11.18"
"2025-08-20 23:11:03","Glazed Donut","Pastries",2,"148.75","297.50"
"2025-08-20 22:01:15","Iced Mocha","Pastries",4,"144.00","576.00"
"2025-08-20 20:16:28","Espresso","Pastries",3,"195.76","587.28"
"2025-08-20 17:24:15","Tiramisu","Pastries",2,"196.55","393.10"
"2025-08-20 15:41:24","Chocolate Chip Muffin","Pastries",2,"103.79","207.58"
"2025-08-20 14:24:27","Iced Coffee","Beverages",2,"107.80","215.60"
"2025-08-20 10:56:10","Baguette","Pastries",1,"133.77","133.77"
"2025-08-20 06:52:14","Eclair","Pastries",4,"146.12","584.48"
"2025-08-20 06:20:18","Chai Latte","Pastries",1,"100.50","100.50"
"2025-08-20 06:11:30","Blueberry Muffin","Pastries",3,"185.15","555.45"
"2025-08-20 03:19:19","Cappuccino","Pastries",4,"76.25","305.00"
"2025-08-20 01:20:55","Chocolate Chip Muffin","Pastries",4,"103.79","415.16"
"2025-08-19 23:45:29","Almond Croissant","Pastries",3,"8.42","25.26"
"2025-08-19 20:48:13","Tea","Beverages",5,"106.18","530.90"
"2025-08-19 17:51:58","Iced Mocha","Pastries",4,"144.00","576.00"
"2025-08-19 15:35:47","Flat White","Pastries",3,"113.21","339.63"
"2025-08-19 13:14:35","Almonds","Pastries",5,"5.59","27.95"
"2025-08-19 12:02:05","Iced Coffee","Beverages",5,"107.80","539.00"
"2025-08-19 08:02:09","Iced Coffee","Beverages",5,"107.80","539.00"
"2025-08-19 06:49:54","Blueberry Muffin","Pastries",5,"185.15","925.75"
"2025-08-19 04:31:01","Tiramisu","Pastries",3,"196.55","589.65"
"2025-08-18 23:35:24","Macchiato","Pastries",5,"93.97","469.85"
"2025-08-18 22:22:01","Hot Chocolate","Pastries",2,"131.53","263.06"
"2025-08-18 19:11:36","Chai Latte","Pastries",4,"100.50","402.00"
"2025-08-18 15:42:25","Mocha","Pastries",5,"61.74","308.70"
"2025-08-18 13:00:54","Espresso","Pastries",3,"195.76","587.28"
"2025-08-18 12:00:05","Macchiato","Pastries",1,"93.97","93.97"
"2025-08-18 09:36:25","Mocha","Pastries",3,"61.74","185.22"
"2025-08-18 08:54:00","Latte","Pastries",2,"108.74","217.48"
"2025-08-18 05:40:22","Macchiato","Pastries",3,"93.97","281.91"
"2025-08-18 04:54:27","Latte","Pastries",3,"108.74","326.22"
"2025-08-18 04:48:55","Almond Croissant","Pastries",1,"8.42","8.42"
"2025-08-17 22:37:22","Tiramisu","Pastries",2,"196.55","393.10"
"2025-08-17 10:46:19","Tea","Beverages",5,"106.18","530.90"
"2025-08-17 08:21:00","Latte","Pastries",3,"108.74","326.22"
"2025-08-17 00:06:01","Cappuccino","Pastries",2,"76.25","152.50"
"2025-08-16 23:03:02","Tea","Beverages",5,"106.18","530.90"
"2025-08-16 18:00:26","Cappuccino","Pastries",3,"76.25","228.75"
"2025-08-16 17:53:22","Almond Croissant","Pastries",1,"8.42","8.42"
"2025-08-16 17:51:43","Apple Turnover","Pastries",2,"154.54","309.08"
"2025-08-16 10:05:08","Macchiato","Pastries",4,"93.97","375.88"
"2025-08-16 06:14:01","Eclair","Pastries",3,"146.12","438.36"
"2025-08-16 05:39:24","Chai Latte","Pastries",2,"100.50","201.00"
"2025-08-16 02:40:50","Almond Croissant","Pastries",1,"8.42","8.42"
"2025-08-16 01:12:12","Eclair","Pastries",4,"146.12","584.48"
"2025-08-16 00:06:18","Macchiato","Pastries",1,"93.97","93.97"
"2025-08-16 00:03:45","Apple Turnover","Pastries",4,"154.54","618.16"
"2025-08-15 23:50:20","Americano","Pastries",3,"80.96","242.88"
"2025-08-15 23:04:52","Macchiato","Pastries",1,"93.97","93.97"
"2025-08-15 21:01:36","Tea","Beverages",5,"106.18","530.90"
"2025-08-15 20:56:01","Iced Coffee","Beverages",1,"107.80","107.80"
"2025-08-15 20:15:43","Blueberry Muffin","Pastries",3,"185.15","555.45"
"2025-08-15 17:36:49","Eclair","Pastries",3,"146.12","438.36"
"2025-08-15 16:43:43","Iced Mocha","Pastries",2,"144.00","288.00"
"2025-08-15 15:01:27","Macchiato","Pastries",2,"93.97","187.94"
"2025-08-15 08:36:02","Baguette","Pastries",5,"133.77","668.85"
"2025-08-15 07:26:11","Almonds","Pastries",2,"5.59","11.18"
"2025-08-15 06:54:27","Iced Coffee","Beverages",1,"107.80","107.80"
"2025-08-15 04:05:12","Americano","Pastries",4,"80.96","323.84"
"2025-08-15 00:49:34","Flat White","Pastries",2,"113.21","226.42"
"2025-08-14 19:51:19","Cappuccino","Pastries",5,"76.25","381.25"
"2025-08-14 19:07:41","Espresso","Pastries",3,"195.76","587.28"
"2025-08-14 10:00:25","Red Velvet Cake","Pastries",4,"187.25","749.00"
"2025-08-14 09:44:09","Tiramisu","Pastries",2,"196.55","393.10"
"2025-08-14 08:51:00","Latte","Pastries",1,"108.74","108.74"
"2025-08-14 08:36:21","Tea","Beverages",3,"106.18","318.54"
"2025-08-14 07:02:55","Tiramisu","Pastries",2,"196.55","393.10"
"2025-08-14 06:57:27","Espresso","Pastries",2,"195.76","391.52"
"2025-08-13 17:02:10","Cappuccino","Pastries",2,"76.25","152.50"
"2025-08-13 15:44:04","Iced Mocha","Pastries",1,"144.00","144.00"
"2025-08-13 10:13:42","Hot Chocolate","Pastries",3,"131.53","394.59"
"2025-08-13 10:07:23","Americano","Pastries",3,"80.96","242.88"
"2025-08-13 08:49:29","Glazed Donut","Pastries",1,"148.75","148.75"
"2025-08-13 06:57:39","Baguette","Pastries",5,"133.77","668.85"
"2025-08-13 06:10:05","Latte","Pastries",4,"108.74","434.96"
"2025-08-13 05:25:29","Apple Turnover","Pastries",2,"154.54","309.08"
"2025-08-13 03:23:14","Tiramisu","Pastries",4,"196.55","786.20"
"2025-08-12 22:54:22","Flat White","Pastries",1,"113.21","113.21"
"2025-08-12 21:37:30","Espresso","Pastries",1,"195.76","195.76"
"2025-08-12 18:08:24","Espresso","Pastries",1,"195.76","195.76"
"2025-08-12 17:28:35","Blueberry Muffin","Pastries",5,"185.15","925.75"
"2025-08-12 16:23:12","Red Velvet Cake","Pastries",2,"187.25","374.50"
"2025-08-12 13:53:18","Almonds","Pastries",3,"5.59","16.77"
"2025-08-12 13:14:17","Eclair","Pastries",3,"146.12","438.36"
"2025-08-12 11:38:04","Cappuccino","Pastries",5,"76.25","381.25"
"2025-08-12 06:32:47","Eclair","Pastries",5,"146.12","730.60"
"2025-08-12 03:44:11","Chocolate Chip Muffin","Pastries",1,"103.79","103.79"
"2025-08-12 02:37:53","Almond Croissant","Pastries",1,"8.42","8.42"
"2025-08-11 18:49:21","Red Velvet Cake","Pastries",4,"187.25","749.00"
"2025-08-11 18:24:48","Tiramisu","Pastries",5,"196.55","982.75"
"2025-08-11 17:22:52","Americano","Pastries",5,"80.96","404.80"
"2025-08-11 12:45:27","Espresso","Pastries",1,"195.76","195.76"
"2025-08-11 12:08:28","Blueberry Muffin","Pastries",4,"185.15","740.60"
"2025-08-11 11:44:57","Glazed Donut","Pastries",5,"148.75","743.75"
"2025-08-11 09:51:01","Americano","Pastries",2,"80.96","161.92"
"2025-08-11 08:58:41","Tiramisu","Pastries",3,"196.55","589.65"
"2025-08-11 07:46:44","Glazed Donut","Pastries",5,"148.75","743.75"
"2025-08-11 05:55:58","Almonds","Pastries",4,"5.59","22.36"
"2025-08-11 00:51:15","Tea","Beverages",5,"106.18","530.90"
"2025-08-10 20:46:28","Macchiato","Pastries",3,"93.97","281.91"
"2025-08-10 20:06:45","Tiramisu","Pastries",5,"196.55","982.75"
"2025-08-10 18:50:13","Chocolate Chip Muffin","Pastries",4,"103.79","415.16"
"2025-08-10 18:32:37","Latte","Pastries",4,"108.74","434.96"
"2025-08-10 15:06:51","Almond Croissant","Pastries",4,"8.42","33.68"
"2025-08-10 14:31:25","Iced Mocha","Pastries",5,"144.00","720.00"
"2025-08-10 12:02:46","Americano","Pastries",2,"80.96","161.92"
"2025-08-10 09:18:51","Americano","Pastries",1,"80.96","80.96"
"2025-08-10 03:33:23","Baguette","Pastries",4,"133.77","535.08"
"2025-08-09 23:19:32","Latte","Pastries",2,"108.74","217.48"
"2025-08-09 23:15:21","Almond Croissant","Pastries",3,"8.42","25.26"
"2025-08-09 17:55:19","Blueberry Muffin","Pastries",4,"185.15","740.60"
"2025-08-09 17:16:49","Red Velvet Cake","Pastries",5,"187.25","936.25"
"2025-08-09 17:05:33","Tiramisu","Pastries",1,"196.55","196.55"
"2025-08-09 16:52:44","Flat White","Pastries",3,"113.21","339.63"
"2025-08-09 13:02:54","Tiramisu","Pastries",4,"196.55","786.20"
"2025-08-09 11:00:14","Cappuccino","Pastries",1,"76.25","76.25"
"2025-08-09 07:45:32","Americano","Pastries",1,"80.96","80.96"
"2025-08-09 04:35:44","Eclair","Pastries",3,"146.12","438.36"
"2025-08-09 03:40:17","Almonds","Pastries",4,"5.59","22.36"
"2025-08-09 02:54:14","Glazed Donut","Pastries",4,"148.75","595.00"
"2025-08-08 13:54:49","Tiramisu","Pastries",3,"196.55","589.65"
"2025-08-08 13:48:34","Chai Latte","Pastries",5,"100.50","502.50"
"2025-08-08 10:27:05","Blueberry Muffin","Pastries",5,"185.15","925.75"
"2025-08-08 07:22:55","Flat White","Pastries",3,"113.21","339.63"
"2025-08-08 04:55:14","Iced Mocha","Pastries",3,"144.00","432.00"
"2025-08-08 03:08:33","Iced Coffee","Beverages",1,"107.80","107.80"
"2025-08-08 01:53:37","Eclair","Pastries",5,"146.12","730.60"
"2025-08-08 00:37:00","Chocolate Chip Muffin","Pastries",4,"103.79","415.16"
"2025-08-08 00:15:24","Hot Chocolate","Pastries",1,"131.53","131.53"
"2025-08-07 22:41:56","Almond Croissant","Pastries",4,"8.42","33.68"
"2025-08-07 19:28:56","Eclair","Pastries",3,"146.12","438.36"
"2025-08-07 13:10:03","Iced Mocha","Pastries",5,"144.00","720.00"
"2025-08-07 11:49:38","Espresso","Pastries",5,"195.76","978.80"
"2025-08-07 08:17:10","Almonds","Pastries",4,"5.59","22.36"
"2025-08-07 07:33:19","Apple Turnover","Pastries",2,"154.54","309.08"
"2025-08-06 19:58:45","Cappuccino","Pastries",1,"76.25","76.25"
"2025-08-06 19:45:49","Hot Chocolate","Pastries",2,"131.53","263.06"
"2025-08-06 15:37:17","Cappuccino","Pastries",2,"76.25","152.50"
"2025-08-06 09:29:04","Cappuccino","Pastries",2,"76.25","152.50"
"2025-08-06 08:18:03","Iced Coffee","Beverages",2,"107.80","215.60"
"2025-08-06 01:05:04","Tea","Beverages",4,"106.18","424.72"
"2025-08-06 00:20:20","Apple Turnover","Pastries",5,"154.54","772.70"
"2025-08-05 19:46:40","Almonds","Pastries",1,"5.59","5.59"
"2025-08-05 18:34:27","Latte","Pastries",1,"108.74","108.74"
"2025-08-05 12:38:57","Glazed Donut","Pastries",5,"148.75","743.75"
"2025-08-05 11:16:44","Red Velvet Cake","Pastries",5,"187.25","936.25"
"2025-08-05 07:09:34","Iced Coffee","Beverages",5,"107.80","539.00"
"2025-08-05 03:42:41","Americano","Pastries",3,"80.96","242.88"
"2025-08-04 19:17:19","Espresso","Pastries",2,"195.76","391.52"
"2025-08-04 19:05:31","Eclair","Pastries",1,"146.12","146.12"
"2025-08-04 17:43:41","Almonds","Pastries",3,"5.59","16.77"
"2025-08-04 07:03:49","Eclair","Pastries",1,"146.12","146.12"
"2025-08-04 05:38:11","Red Velvet Cake","Pastries",3,"187.25","561.75"
"2025-08-04 04:49:40","Glazed Donut","Pastries",3,"148.75","446.25"
"2025-08-03 23:34:14","Chai Latte","Pastries",2,"100.50","201.00"
"2025-08-03 23:09:34","Chai Latte","Pastries",4,"100.50","402.00"
"2025-08-03 20:26:01","Latte","Pastries",2,"108.74","217.48"
"2025-08-03 16:49:46","Baguette","Pastries",5,"133.77","668.85"
"2025-08-03 14:39:00","Apple Turnover","Pastries",1,"154.54","154.54"
"2025-08-03 14:26:41","Flat White","Pastries",4,"113.21","452.84"
"2025-08-03 14:05:21","Iced Mocha","Pastries",3,"144.00","432.00"
"2025-08-03 13:37:16","Mocha","Pastries",1,"61.74","61.74"
"2025-08-03 13:27:28","Tea","Beverages",1,"106.18","106.18"
"2025-08-03 12:18:50","Latte","Pastries",3,"108.74","326.22"
"2025-08-03 10:56:33","Apple Turnover","Pastries",4,"154.54","618.16"
"2025-08-03 06:18:15","Eclair","Pastries",3,"146.12","438.36"
"2025-08-03 02:16:29","Tea","Beverages",2,"106.18","212.36"
"2025-08-03 01:50:55","Tiramisu","Pastries",2,"196.55","393.10"
"2025-08-03 01:05:05","Almonds","Pastries",1,"5.59","5.59"
"2025-08-02 22:47:53","Latte","Pastries",5,"108.74","543.70"
"2025-08-02 22:03:34","Tea","Beverages",5,"106.18","530.90"
"2025-08-02 17:39:05","Mocha","Pastries",2,"61.74","123.48"
"2025-08-02 17:27:10","Blueberry Muffin","Pastries",3,"185.15","555.45"
"2025-08-02 17:15:16","Tea","Beverages",2,"106.18","212.36"
"2025-08-02 11:11:52","Cappuccino","Pastries",1,"76.25","76.25"
"2025-08-02 08:43:49","Almond Croissant","Pastries",4,"8.42","33.68"
"2025-08-02 07:46:38","Tea","Beverages",3,"106.18","318.54"
"2025-08-02 00:35:45","Americano","Pastries",5,"80.96","404.80"
"2025-08-01 21:53:11","Chocolate Chip Muffin","Pastries",1,"103.79","103.79"
"2025-08-01 20:05:14","Red Velvet Cake","Pastries",5,"187.25","936.25"
"2025-08-01 19:24:00","Baguette","Pastries",2,"133.77","267.54"
"2025-08-01 19:19:56","Hot Chocolate","Pastries",4,"131.53","526.12"
"2025-08-01 16:18:08","Glazed Donut","Pastries",3,"148.75","446.25"
"2025-08-01 15:56:32","Red Velvet Cake","Pastries",1,"187.25","187.25"
"2025-08-01 14:46:29","Americano","Pastries",3,"80.96","242.88"
"2025-08-01 14:34:05","Tea","Beverages",2,"106.18","212.36"
"2025-08-01 14:07:20","Blueberry Muffin","Pastries",2,"185.15","370.30"
"2025-08-01 13:30:17","Macchiato","Pastries",1,"93.97","93.97"
"2025-08-01 12:52:16","Espresso","Pastries",3,"195.76","587.28"
"2025-08-01 12:13:59","Chocolate Chip Muffin","Pastries",4,"103.79","415.16"
"2025-08-01 05:43:21","Tiramisu","Pastries",1,"196.55","196.55"
"2025-08-01 01:10:32","Tiramisu","Pastries",2,"196.55","393.10"
"2025-08-01 00:13:23","Tiramisu","Pastries",1,"196.55","196.55"
"2025-07-31 23:17:28","Iced Mocha","Pastries",2,"144.00","288.00"
"2025-07-31 21:35:24","Latte","Pastries",2,"108.74","217.48"
"2025-07-31 18:10:25","Almond Croissant","Pastries",3,"8.42","25.26"
"2025-07-31 10:54:27","Tea","Beverages",3,"106.18","318.54"
"2025-07-31 10:51:24","Tiramisu","Pastries",5,"196.55","982.75"
"2025-07-31 10:15:32","Apple Turnover","Pastries",2,"154.54","309.08"
"2025-07-31 09:59:47","Macchiato","Pastries",2,"93.97","187.94"
"2025-07-31 06:24:14","Hot Chocolate","Pastries",1,"131.53","131.53"
"2025-07-31 04:17:02","Blueberry Muffin","Pastries",2,"185.15","370.30"
"2025-07-31 03:30:21","Cappuccino","Pastries",3,"76.25","228.75"
"2025-07-30 19:37:30","Espresso","Pastries",4,"195.76","783.04"
"2025-07-30 18:21:50","Chai Latte","Pastries",4,"100.50","402.00"
"2025-07-30 15:31:57","Blueberry Muffin","Pastries",5,"185.15","925.75"
"2025-07-30 14:59:36","Almond Croissant","Pastries",1,"8.42","8.42"
"2025-07-30 14:50:57","Iced Coffee","Beverages",5,"107.80","539.00"
"2025-07-30 13:56:46","Cappuccino","Pastries",4,"76.25","305.00"
"2025-07-30 08:45:00","Cappuccino","Pastries",3,"76.25","228.75"
"2025-07-30 08:41:27","Glazed Donut","Pastries",1,"148.75","148.75"
"2025-07-30 05:53:42","Chai Latte","Pastries",1,"100.50","100.50"
"2025-07-30 02:40:31","Tea","Beverages",4,"106.18","424.72"
"2025-07-30 02:35:35","Iced Coffee","Beverages",4,"107.80","431.20"
"2025-07-30 01:40:49","Blueberry Muffin","Pastries",3,"185.15","555.45"
"2025-07-29 21:53:52","Iced Coffee","Beverages",3,"107.80","323.40"
"2025-07-29 13:55:58","Blueberry Muffin","Pastries",4,"185.15","740.60"
"2025-07-29 11:45:12","Blueberry Muffin","Pastries",4,"185.15","740.60"
"2025-07-29 11:38:17","Blueberry Muffin","Pastries",5,"185.15","925.75"
"2025-07-29 07:54:59","Flat White","Pastries",1,"113.21","113.21"
"2025-07-29 07:05:29","Americano","Pastries",5,"80.96","404.80"
"2025-07-29 03:47:52","Eclair","Pastries",5,"146.12","730.60"
"2025-07-29 01:00:21","Red Velvet Cake","Pastries",2,"187.25","374.50"
"2025-07-28 20:39:45","Flat White","Pastries",2,"113.21","226.42"
"2025-07-28 19:44:22","Tea","Beverages",3,"106.18","318.54"
"2025-07-28 19:06:58","Tea","Beverages",3,"106.18","318.54"
"2025-07-28 18:50:58","Cappuccino","Pastries",4,"76.25","305.00"
"2025-07-28 16:16:48","Flat White","Pastries",1,"113.21","113.21"
"2025-07-28 14:28:28","Tea","Beverages",2,"106.18","212.36"
"2025-07-28 11:16:27","Macchiato","Pastries",3,"93.97","281.91"
"2025-07-28 10:48:33","Almonds","Pastries",5,"5.59","27.95"
"2025-07-27 23:26:09","Espresso","Pastries",3,"195.76","587.28"
"2025-07-27 23:01:42","Almond Croissant","Pastries",2,"8.42","16.84"
"2025-07-27 20:33:20","Iced Mocha","Pastries",3,"144.00","432.00"
"2025-07-27 17:00:57","Iced Mocha","Pastries",1,"144.00","144.00"
"2025-07-27 16:05:39","Tea","Beverages",2,"106.18","212.36"
"2025-07-27 09:06:32","Iced Mocha","Pastries",4,"144.00","576.00"
"2025-07-27 08:29:34","Mocha","Pastries",5,"61.74","308.70"
"2025-07-27 07:53:40","Baguette","Pastries",3,"133.77","401.31"
"2025-07-27 03:29:51","Baguette","Pastries",3,"133.77","401.31"
"2025-07-27 02:35:10","Almonds","Pastries",4,"5.59","22.36"
"2025-07-27 01:33:37","Americano","Pastries",1,"80.96","80.96"
"2025-07-26 22:59:42","Tea","Beverages",5,"106.18","530.90"
"2025-07-26 19:02:53","Latte","Pastries",3,"108.74","326.22"
"2025-07-26 13:35:10","Macchiato","Pastries",1,"93.97","93.97"
"2025-07-26 12:15:45","Mocha","Pastries",4,"61.74","246.96"
"2025-07-26 07:50:53","Cappuccino","Pastries",2,"76.25","152.50"
"2025-07-26 05:23:27","Eclair","Pastries",1,"146.12","146.12"
"2025-07-26 04:32:42","Baguette","Pastries",4,"133.77","535.08"
"2025-07-26 01:02:15","Chai Latte","Pastries",4,"100.50","402.00"
"2025-07-25 23:33:53","Macchiato","Pastries",2,"93.97","187.94"
"2025-07-25 22:49:38","Iced Coffee","Beverages",4,"107.80","431.20"
"2025-07-25 20:42:15","Macchiato","Pastries",3,"93.97","281.91"
"2025-07-25 19:42:47","Americano","Pastries",5,"80.96","404.80"
"2025-07-25 18:12:12","Latte","Pastries",3,"108.74","326.22"
"2025-07-25 17:36:32","Chai Latte","Pastries",2,"100.50","201.00"
"2025-07-25 14:29:56","Tea","Beverages",3,"106.18","318.54"
"2025-07-25 12:56:13","Americano","Pastries",5,"80.96","404.80"
"2025-07-25 11:49:30","Hot Chocolate","Pastries",3,"131.53","394.59"
"2025-07-25 09:45:43","Cappuccino","Pastries",1,"76.25","76.25"
"2025-07-25 09:12:46","Chocolate Chip Muffin","Pastries",2,"103.79","207.58"
"2025-07-25 02:57:08","Flat White","Pastries",1,"113.21","113.21"
"2025-07-25 01:34:38","Americano","Pastries",4,"80.96","323.84"
"2025-07-25 01:31:35","Iced Mocha","Pastries",4,"144.00","576.00"
"2025-07-24 23:06:54","Flat White","Pastries",5,"113.21","566.05"
"2025-07-24 22:07:12","Eclair","Pastries",5,"146.12","730.60"
"2025-07-24 18:10:00","Latte","Pastries",4,"108.74","434.96"
"2025-07-24 07:28:46","Blueberry Muffin","Pastries",2,"185.15","370.30"
"2025-07-24 02:13:59","Latte","Pastries",1,"108.74","108.74"
"2025-07-23 22:02:16","Chocolate Chip Muffin","Pastries",2,"103.79","207.58"
"2025-07-23 19:54:50","Mocha","Pastries",1,"61.74","61.74"
"2025-07-23 16:55:55","Almonds","Pastries",1,"5.59","5.59"
"2025-07-23 16:43:25","Iced Mocha","Pastries",3,"144.00","432.00"
"2025-07-23 14:54:40","Espresso","Pastries",4,"195.76","783.04"
"2025-07-23 13:32:48","Almond Croissant","Pastries",4,"8.42","33.68"
"2025-07-23 13:15:33","Mocha","Pastries",3,"61.74","185.22"
"2025-07-23 11:27:02","Apple Turnover","Pastries",2,"154.54","309.08"
"2025-07-23 10:05:09","Espresso","Pastries",4,"195.76","783.04"
"2025-07-23 09:41:07","Tiramisu","Pastries",2,"196.55","393.10"
"2025-07-23 06:47:10","Chocolate Chip Muffin","Pastries",5,"103.79","518.95"
"2025-07-23 05:25:50","Cappuccino","Pastries",3,"76.25","228.75"
"2025-07-23 01:24:36","Flat White","Pastries",4,"113.21","452.84"
"2025-07-23 00:46:33","Blueberry Muffin","Pastries",2,"185.15","370.30"
"2025-07-22 17:00:52","Blueberry Muffin","Pastries",1,"185.15","185.15"
"2025-07-22 16:01:57","Chocolate Chip Muffin","Pastries",4,"103.79","415.16"
"2025-07-22 13:00:58","Mocha","Pastries",2,"61.74","123.48"
"2025-07-22 06:19:00","Macchiato","Pastries",4,"93.97","375.88"
"2025-07-22 06:07:36","Macchiato","Pastries",5,"93.97","469.85"
"2025-07-22 03:51:09","Tiramisu","Pastries",3,"196.55","589.65"
"2025-07-22 02:17:15","Macchiato","Pastries",2,"93.97","187.94"
"2025-07-22 02:09:34","Tea","Beverages",3,"106.18","318.54"
"2025-07-21 19:40:39","Almonds","Pastries",4,"5.59","22.36"
"2025-07-21 08:16:54","Latte","Pastries",2,"108.74","217.48"
"2025-07-21 06:41:43","Hot Chocolate","Pastries",1,"131.53","131.53"
"2025-07-21 05:59:52","Hot Chocolate","Pastries",3,"131.53","394.59"
"2025-07-21 05:03:54","Iced Mocha","Pastries",2,"144.00","288.00"
"2025-07-21 00:15:11","Espresso","Pastries",5,"195.76","978.80"
"2025-07-20 23:50:19","Flat White","Pastries",2,"113.21","226.42"
"2025-07-20 19:07:47","Espresso","Pastries",3,"195.76","587.28"
"2025-07-20 17:40:42","Blueberry Muffin","Pastries",2,"185.15","370.30"
"2025-07-20 17:05:18","Cappuccino","Pastries",1,"76.25","76.25"
"2025-07-20 16:26:26","Tiramisu","Pastries",4,"196.55","786.20"
"2025-07-20 16:25:04","Eclair","Pastries",5,"146.12","730.60"
"2025-07-20 10:27:20","Tiramisu","Pastries",5,"196.55","982.75"
"2025-07-19 19:36:47","Almonds","Pastries",1,"5.59","5.59"
"2025-07-19 15:05:02","Glazed Donut","Pastries",2,"148.75","297.50"
"2025-07-19 14:53:08","Baguette","Pastries",5,"133.77","668.85"
"2025-07-19 10:37:30","Baguette","Pastries",4,"133.77","535.08"
"2025-07-19 09:06:31","Chocolate Chip Muffin","Pastries",2,"103.79","207.58"
"2025-07-18 23:01:00","Espresso","Pastries",4,"195.76","783.04"
"2025-07-18 22:15:24","Baguette","Pastries",2,"133.77","267.54"
"2025-07-18 21:29:36","Chocolate Chip Muffin","Pastries",3,"103.79","311.37"
"2025-07-18 20:40:48","Latte","Pastries",3,"108.74","326.22"
"2025-07-18 20:05:29","Eclair","Pastries",1,"146.12","146.12"
"2025-07-18 17:34:13","Blueberry Muffin","Pastries",1,"185.15","185.15"
"2025-07-18 09:41:39","Latte","Pastries",3,"108.74","326.22"
"2025-07-18 07:40:14","Baguette","Pastries",4,"133.77","535.08"
"2025-07-18 06:31:09","Flat White","Pastries",5,"113.21","566.05"
"2025-07-18 06:15:36","Chocolate Chip Muffin","Pastries",3,"103.79","311.37"
"2025-07-18 05:01:59","Apple Turnover","Pastries",3,"154.54","463.62"
"2025-07-18 04:39:45","Iced Mocha","Pastries",4,"144.00","576.00"
"2025-07-18 03:42:54","Blueberry Muffin","Pastries",3,"185.15","555.45"
"2025-07-18 01:56:02","Apple Turnover","Pastries",1,"154.54","154.54"
"2025-07-18 01:29:54","Espresso","Pastries",1,"195.76","195.76"
"2025-07-17 23:10:13","Baguette","Pastries",1,"133.77","133.77"
"2025-07-17 22:02:55","Almonds","Pastries",4,"5.59","22.36"
"2025-07-17 17:39:23","Blueberry Muffin","Pastries",3,"185.15","555.45"
"2025-07-17 15:57:22","Chai Latte","Pastries",4,"100.50","402.00"
"2025-07-17 12:52:30","Glazed Donut","Pastries",5,"148.75","743.75"
"2025-07-17 11:03:23","Chocolate Chip Muffin","Pastries",2,"103.79","207.58"
"2025-07-17 09:51:08","Americano","Pastries",3,"80.96","242.88"
"2025-07-17 07:32:42","Apple Turnover","Pastries",4,"154.54","618.16"
"2025-07-17 04:44:01","Macchiato","Pastries",4,"93.97","375.88"
"2025-07-17 03:39:31","Tiramisu","Pastries",5,"196.55","982.75"
"2025-07-17 02:18:54","Macchiato","Pastries",1,"93.97","93.97"
"2025-07-17 02:06:18","Eclair","Pastries",1,"146.12","146.12"
"2025-07-16 23:33:10","Chocolate Chip Muffin","Pastries",2,"103.79","207.58"
"2025-07-16 22:30:18","Hot Chocolate","Pastries",2,"131.53","263.06"
"2025-07-16 22:12:24","Macchiato","Pastries",1,"93.97","93.97"
"2025-07-16 20:28:57","Glazed Donut","Pastries",4,"148.75","595.00"
"2025-07-16 19:49:09","Blueberry Muffin","Pastries",3,"185.15","555.45"
"2025-07-16 18:45:19","Mocha","Pastries",4,"61.74","246.96"
"2025-07-16 14:27:04","Tea","Beverages",3,"106.18","318.54"
"2025-07-16 14:19:44","Latte","Pastries",1,"108.74","108.74"
"2025-07-16 08:17:24","Tea","Beverages",2,"106.18","212.36"
"2025-07-16 07:23:23","Latte","Pastries",1,"108.74","108.74"
"2025-07-16 07:22:15","Cappuccino","Pastries",1,"76.25","76.25"
"2025-07-16 05:25:19","Flat White","Pastries",3,"113.21","339.63"
"2025-07-16 01:00:25","Chai Latte","Pastries",1,"100.50","100.50"
"2025-07-15 21:47:25","Apple Turnover","Pastries",5,"154.54","772.70"
"2025-07-15 18:38:10","Almonds","Pastries",3,"5.59","16.77"
"2025-07-15 16:58:41","Mocha","Pastries",4,"61.74","246.96"
"2025-07-15 13:51:48","Apple Turnover","Pastries",4,"154.54","618.16"
"2025-07-15 12:38:46","Blueberry Muffin","Pastries",1,"185.15","185.15"
"2025-07-15 09:41:34","Glazed Donut","Pastries",3,"148.75","446.25"
"2025-07-15 08:17:57","Baguette","Pastries",5,"133.77","668.85"
"2025-07-15 06:55:46","Baguette","Pastries",5,"133.77","668.85"
"2025-07-15 06:15:44","Espresso","Pastries",3,"195.76","587.28"
"2025-07-15 00:19:34","Baguette","Pastries",3,"133.77","401.31"
"2025-07-14 23:34:44","Eclair","Pastries",4,"146.12","584.48"
"2025-07-14 22:23:50","Iced Coffee","Beverages",3,"107.80","323.40"
"2025-07-14 13:12:02","Tiramisu","Pastries",5,"196.55","982.75"
"2025-07-14 00:05:02","Apple Turnover","Pastries",5,"154.54","772.70"
"2025-07-13 17:19:46","Espresso","Pastries",4,"195.76","783.04"
"2025-07-13 15:40:11","Macchiato","Pastries",2,"93.97","187.94"
"2025-07-13 14:07:31","Americano","Pastries",1,"80.96","80.96"
"2025-07-13 11:46:48","Blueberry Muffin","Pastries",4,"185.15","740.60"
"2025-07-13 10:32:21","Apple Turnover","Pastries",1,"154.54","154.54"
"2025-07-13 07:29:44","Almond Croissant","Pastries",4,"8.42","33.68"
"2025-07-13 06:16:43","Iced Coffee","Beverages",4,"107.80","431.20"
"2025-07-13 05:40:53","Macchiato","Pastries",2,"93.97","187.94"
"2025-07-13 01:42:47","Almonds","Pastries",5,"5.59","27.95"
"2025-07-13 00:50:22","Chocolate Chip Muffin","Pastries",2,"103.79","207.58"
"2025-07-12 22:46:33","Tea","Beverages",3,"106.18","318.54"
"2025-07-12 16:38:12","Blueberry Muffin","Pastries",3,"185.15","555.45"
"2025-07-12 13:50:29","Chocolate Chip Muffin","Pastries",1,"103.79","103.79"
"2025-07-12 11:19:09","Chocolate Chip Muffin","Pastries",5,"103.79","518.95"
"2025-07-12 10:06:16","Blueberry Muffin","Pastries",1,"185.15","185.15"
"2025-07-11 22:56:23","Blueberry Muffin","Pastries",5,"185.15","925.75"
"2025-07-11 22:07:29","Hot Chocolate","Pastries",4,"131.53","526.12"
"2025-07-11 20:31:37","Americano","Pastries",3,"80.96","242.88"
"2025-07-11 09:00:07","Red Velvet Cake","Pastries",4,"187.25","749.00"
"2025-07-11 08:55:48","Almond Croissant","Pastries",4,"8.42","33.68"
"2025-07-10 20:17:50","Blueberry Muffin","Pastries",4,"185.15","740.60"
"2025-07-10 19:21:16","Tiramisu","Pastries",4,"196.55","786.20"
"2025-07-10 18:24:14","Tea","Beverages",2,"106.18","212.36"
"2025-07-10 18:20:46","Almond Croissant","Pastries",4,"8.42","33.68"
"2025-07-10 14:29:26","Mocha","Pastries",4,"61.74","246.96"
"2025-07-10 10:45:07","Blueberry Muffin","Pastries",3,"185.15","555.45"
"2025-07-10 09:09:54","Chai Latte","Pastries",2,"100.50","201.00"
"2025-07-10 08:16:39","Americano","Pastries",5,"80.96","404.80"
"2025-07-10 05:56:04","Apple Turnover","Pastries",1,"154.54","154.54"
"2025-07-10 00:25:39","Chocolate Chip Muffin","Pastries",4,"103.79","415.16"
"2025-07-09 22:17:40","Blueberry Muffin","Pastries",5,"185.15","925.75"
"2025-07-09 22:06:21","Eclair","Pastries",3,"146.12","438.36"
"2025-07-09 21:46:30","Macchiato","Pastries",3,"93.97","281.91"
"2025-07-09 16:30:58","Blueberry Muffin","Pastries",4,"185.15","740.60"
"2025-07-09 08:00:25","Americano","Pastries",4,"80.96","323.84"
"2025-07-09 06:26:46","Mocha","Pastries",2,"61.74","123.48"
"2025-07-09 04:23:11","Almond Croissant","Pastries",3,"8.42","25.26"
"2025-07-09 04:18:00","Espresso","Pastries",1,"195.76","195.76"
"2025-07-09 00:29:41","Apple Turnover","Pastries",5,"154.54","772.70"
"2025-07-08 20:36:29","Eclair","Pastries",3,"146.12","438.36"
"2025-07-08 19:51:12","Chocolate Chip Muffin","Pastries",5,"103.79","518.95"
"2025-07-08 16:36:12","Macchiato","Pastries",1,"93.97","93.97"
"2025-07-08 01:28:01","Almonds","Pastries",1,"5.59","5.59"
"2025-07-08 00:40:34","Flat White","Pastries",3,"113.21","339.63"
"2025-07-07 21:28:45","Tiramisu","Pastries",2,"196.55","393.10"
"2025-07-07 20:38:20","Cappuccino","Pastries",3,"76.25","228.75"
"2025-07-07 19:44:57","Iced Mocha","Pastries",4,"144.00","576.00"
"2025-07-07 17:41:25","Chocolate Chip Muffin","Pastries",1,"103.79","103.79"
"2025-07-07 12:26:58","Almond Croissant","Pastries",4,"8.42","33.68"
"2025-07-07 07:43:25","Hot Chocolate","Pastries",2,"131.53","263.06"
"2025-07-07 06:10:31","Iced Coffee","Beverages",3,"107.80","323.40"
"2025-07-07 05:18:07","Latte","Pastries",3,"108.74","326.22"
"2025-07-07 01:10:44","Red Velvet Cake","Pastries",1,"187.25","187.25"
"2025-07-07 00:51:53","Iced Mocha","Pastries",1,"144.00","144.00"
"2025-07-07 00:16:24","Eclair","Pastries",5,"146.12","730.60"
"2025-07-06 21:40:27","Mocha","Pastries",4,"61.74","246.96"
"2025-07-06 18:48:04","Blueberry Muffin","Pastries",4,"185.15","740.60"
"2025-07-06 17:46:16","Baguette","Pastries",5,"133.77","668.85"
"2025-07-06 07:59:07","Chai Latte","Pastries",2,"100.50","201.00"
"2025-07-06 07:52:05","Red Velvet Cake","Pastries",1,"187.25","187.25"
"2025-07-06 06:02:53","Tea","Beverages",2,"106.18","212.36"
"2025-07-06 01:55:01","Iced Coffee","Beverages",2,"107.80","215.60"
"2025-07-06 00:32:00","Iced Coffee","Beverages",3,"107.80","323.40"
"2025-07-05 20:41:05","Red Velvet Cake","Pastries",5,"187.25","936.25"
"2025-07-05 18:53:34","Flat White","Pastries",2,"113.21","226.42"
"2025-07-05 10:00:54","Iced Coffee","Beverages",2,"107.80","215.60"
"2025-07-05 07:17:57","Red Velvet Cake","Pastries",5,"187.25","936.25"
"2025-07-05 04:48:24","Chai Latte","Pastries",1,"100.50","100.50"
"2025-07-05 01:49:56","Mocha","Pastries",4,"61.74","246.96"
"2025-07-04 17:01:59","Glazed Donut","Pastries",5,"148.75","743.75"
"2025-07-04 12:07:30","Hot Chocolate","Pastries",1,"131.53","131.53"
"2025-07-04 11:28:53","Mocha","Pastries",4,"61.74","246.96"
"2025-07-04 08:57:20","Cappuccino","Pastries",1,"76.25","76.25"
"2025-07-04 03:24:39","Blueberry Muffin","Pastries",2,"185.15","370.30"
"2025-07-04 00:38:20","Blueberry Muffin","Pastries",5,"185.15","925.75"
"2025-07-04 00:27:55","Almonds","Pastries",2,"5.59","11.18"
"2025-07-03 23:32:26","Chocolate Chip Muffin","Pastries",2,"103.79","207.58"
"2025-07-03 22:55:10","Mocha","Pastries",4,"61.74","246.96"
"2025-07-03 20:42:23","Flat White","Pastries",1,"113.21","113.21"
"2025-07-03 17:58:56","Flat White","Pastries",1,"113.21","113.21"
"2025-07-03 11:31:28","Mocha","Pastries",2,"61.74","123.48"
"2025-07-03 08:35:00","Almond Croissant","Pastries",4,"8.42","33.68"
"2025-07-03 08:03:49","Espresso","Pastries",4,"195.76","783.04"
"2025-07-03 05:02:35","Cappuccino","Pastries",1,"76.25","76.25"
"2025-07-03 02:00:38","Chocolate Chip Muffin","Pastries",2,"103.79","207.58"
"2025-07-03 01:50:59","Almond Croissant","Pastries",4,"8.42","33.68"
"2025-07-03 00:58:35","Red Velvet Cake","Pastries",1,"187.25","187.25"
"2025-07-02 23:39:12","Chocolate Chip Muffin","Pastries",3,"103.79","311.37"
"2025-07-02 11:35:23","Blueberry Muffin","Pastries",4,"185.15","740.60"
"2025-07-02 06:56:12","Blueberry Muffin","Pastries",2,"185.15","370.30"
"2025-07-02 02:47:50","Red Velvet Cake","Pastries",2,"187.25","374.50"
"2025-07-02 01:18:16","Macchiato","Pastries",2,"93.97","187.94"
"2025-07-01 23:06:46","Espresso","Pastries",2,"195.76","391.52"
"2025-07-01 22:54:39","Chai Latte","Pastries",4,"100.50","402.00"
"2025-07-01 22:13:50","Iced Coffee","Beverages",5,"107.80","539.00"
"2025-07-01 19:47:24","Hot Chocolate","Pastries",5,"131.53","657.65"
"2025-07-01 17:31:29","Mocha","Pastries",1,"61.74","61.74"
"2025-07-01 07:40:30","Tiramisu","Pastries",1,"196.55","196.55"
"2025-07-01 04:58:18","Tiramisu","Pastries",3,"196.55","589.65"
"2025-07-01 02:39:10","Chai Latte","Pastries",2,"100.50","201.00"
"2025-07-01 01:13:12","Flat White","Pastries",1,"113.21","113.21"
"2025-06-30 19:45:01","Mocha","Pastries",5,"61.74","308.70"
"2025-06-30 18:05:44","Iced Coffee","Beverages",5,"107.80","539.00"
"2025-06-30 15:22:15","Hot Chocolate","Pastries",5,"131.53","657.65"
"2025-06-30 15:21:04","Chocolate Chip Muffin","Pastries",3,"103.79","311.37"
"2025-06-30 14:04:58","Hot Chocolate","Pastries",2,"131.53","263.06"
"2025-06-30 13:41:05","Americano","Pastries",3,"80.96","242.88"
"2025-06-30 07:06:18","Americano","Pastries",3,"80.96","242.88"
"2025-06-30 03:58:40","Baguette","Pastries",4,"133.77","535.08"
"2025-06-30 00:54:51","Iced Coffee","Beverages",4,"107.80","431.20"
"2025-06-29 22:07:50","Glazed Donut","Pastries",3,"148.75","446.25"
"2025-06-29 21:42:18","Almond Croissant","Pastries",1,"8.42","8.42"
"2025-06-29 21:20:28","Latte","Pastries",5,"108.74","543.70"
"2025-06-29 20:17:18","Mocha","Pastries",4,"61.74","246.96"
"2025-06-29 20:04:08","Tea","Beverages",5,"106.18","530.90"
"2025-06-29 18:20:30","Tiramisu","Pastries",1,"196.55","196.55"
"2025-06-29 16:00:10","Macchiato","Pastries",4,"93.97","375.88"
"2025-06-29 15:38:50","Apple Turnover","Pastries",5,"154.54","772.70"
"2025-06-29 11:36:55","Eclair","Pastries",2,"146.12","292.24"
"2025-06-29 10:48:55","Iced Coffee","Beverages",3,"107.80","323.40"
"2025-06-29 05:50:05","Almond Croissant","Pastries",2,"8.42","16.84"
"2025-06-29 05:05:59","Baguette","Pastries",1,"133.77","133.77"
"2025-06-28 23:02:46","Hot Chocolate","Pastries",2,"131.53","263.06"
"2025-06-28 22:33:38","Flat White","Pastries",3,"113.21","339.63"
"2025-06-28 22:33:29","Iced Mocha","Pastries",2,"144.00","288.00"
"2025-06-28 22:25:00","Glazed Donut","Pastries",1,"148.75","148.75"
"2025-06-28 20:07:15","Iced Mocha","Pastries",3,"144.00","432.00"
"2025-06-28 17:12:29","Glazed Donut","Pastries",4,"148.75","595.00"
"2025-06-28 12:03:50","Iced Mocha","Pastries",1,"144.00","144.00"
"2025-06-28 11:05:58","Eclair","Pastries",4,"146.12","584.48"
"2025-06-28 10:50:32","Red Velvet Cake","Pastries",2,"187.25","374.50"
"2025-06-28 07:51:33","Iced Mocha","Pastries",3,"144.00","432.00"
"2025-06-28 04:03:56","Almonds","Pastries",3,"5.59","16.77"
"2025-06-28 03:26:35","Hot Chocolate","Pastries",5,"131.53","657.65"
"2025-06-28 02:58:11","Chocolate Chip Muffin","Pastries",1,"103.79","103.79"
"2025-06-27 21:54:54","Apple Turnover","Pastries",2,"154.54","309.08"
"2025-06-27 13:51:41","Red Velvet Cake","Pastries",4,"187.25","749.00"
"2025-06-27 11:12:15","Hot Chocolate","Pastries",1,"131.53","131.53"
"2025-06-27 05:29:36","Flat White","Pastries",1,"113.21","113.21"
"2025-06-27 05:16:57","Apple Turnover","Pastries",1,"154.54","154.54"
"2025-06-27 04:38:51","Almond Croissant","Pastries",4,"8.42","33.68"
"2025-06-27 03:17:25","Tiramisu","Pastries",3,"196.55","589.65"
"2025-06-27 02:08:16","Macchiato","Pastries",5,"93.97","469.85"
"2025-06-27 00:26:24","Almond Croissant","Pastries",3,"8.42","25.26"
"2025-06-26 23:32:54","Almonds","Pastries",3,"5.59","16.77"
"2025-06-26 19:53:34","Baguette","Pastries",1,"133.77","133.77"
"2025-06-26 18:14:15","Mocha","Pastries",2,"61.74","123.48"
"2025-06-26 14:47:09","Mocha","Pastries",1,"61.74","61.74"
"2025-06-26 14:16:02","Tiramisu","Pastries",3,"196.55","589.65"
"2025-06-26 14:11:13","Almond Croissant","Pastries",1,"8.42","8.42"
"2025-06-26 13:40:40","Flat White","Pastries",5,"113.21","566.05"
"2025-06-26 10:26:01","Cappuccino","Pastries",3,"76.25","228.75"
"2025-06-26 09:45:31","Chai Latte","Pastries",5,"100.50","502.50"
"2025-06-26 07:39:38","Almond Croissant","Pastries",2,"8.42","16.84"
"2025-06-26 03:07:28","Cappuccino","Pastries",4,"76.25","305.00"
"2025-06-25 23:55:19","Eclair","Pastries",2,"146.12","292.24"
"2025-06-25 20:56:07","Glazed Donut","Pastries",5,"148.75","743.75"
"2025-06-25 17:41:58","Americano","Pastries",5,"80.96","404.80"
"2025-06-25 11:45:41","Espresso","Pastries",1,"195.76","195.76"
"2025-06-25 10:40:54","Eclair","Pastries",2,"146.12","292.24"
"2025-06-25 09:23:21","Chai Latte","Pastries",2,"100.50","201.00"
"2025-06-25 05:20:24","Almond Croissant","Pastries",5,"8.42","42.10"
"2025-06-25 04:58:15","Tea","Beverages",3,"106.18","318.54"
"2025-06-25 03:55:35","Latte","Pastries",5,"108.74","543.70"
"2025-06-25 01:40:41","Cappuccino","Pastries",1,"76.25","76.25"
"2025-06-24 23:50:23","Baguette","Pastries",5,"133.77","668.85"
"2025-06-24 22:09:52","Flat White","Pastries",1,"113.21","113.21"
"2025-06-24 16:56:13","Flat White","Pastries",5,"113.21","566.05"
"2025-06-24 13:59:26","Glazed Donut","Pastries",4,"148.75","595.00"
"2025-06-24 08:44:11","Baguette","Pastries",3,"133.77","401.31"
"2025-06-24 04:11:18","Chai Latte","Pastries",3,"100.50","301.50"
"2025-06-23 22:03:53","Mocha","Pastries",2,"61.74","123.48"
"2025-06-23 20:18:44","Flat White","Pastries",4,"113.21","452.84"
"2025-06-23 20:06:57","Almonds","Pastries",1,"5.59","5.59"
"2025-06-23 19:30:13","Macchiato","Pastries",2,"93.97","187.94"
"2025-06-23 09:38:10","Iced Coffee","Beverages",4,"107.80","431.20"
"2025-06-23 08:16:14","Glazed Donut","Pastries",4,"148.75","595.00"
"2025-06-23 06:43:31","Iced Mocha","Pastries",4,"144.00","576.00"
"2025-06-23 04:35:37","Glazed Donut","Pastries",4,"148.75","595.00"
"2025-06-22 21:39:56","Apple Turnover","Pastries",5,"154.54","772.70"
"2025-06-22 18:49:58","Macchiato","Pastries",4,"93.97","375.88"
"2025-06-22 18:05:24","Espresso","Pastries",2,"195.76","391.52"
"2025-06-22 17:23:45","Iced Mocha","Pastries",3,"144.00","432.00"
"2025-06-22 08:49:07","Iced Coffee","Beverages",3,"107.80","323.40"
"2025-06-22 05:20:37","Latte","Pastries",5,"108.74","543.70"
"2025-06-22 03:31:30","Espresso","Pastries",2,"195.76","391.52"
"2025-06-22 00:24:44","Red Velvet Cake","Pastries",3,"187.25","561.75"
"2025-06-22 00:18:29","Baguette","Pastries",1,"133.77","133.77"
"2025-06-21 14:25:29","Almonds","Pastries",3,"5.59","16.77"
"2025-06-21 13:42:30","Flat White","Pastries",4,"113.21","452.84"
"2025-06-21 11:45:59","Apple Turnover","Pastries",3,"154.54","463.62"
"2025-06-21 06:17:38","Chai Latte","Pastries",4,"100.50","402.00"
"2025-06-21 00:33:53","Latte","Pastries",3,"108.74","326.22"
"2025-06-21 00:31:07","Latte","Pastries",5,"108.74","543.70"
"2025-06-20 20:14:01","Flat White","Pastries",2,"113.21","226.42"
"2025-06-20 19:38:34","Cappuccino","Pastries",4,"76.25","305.00"
"2025-06-20 10:58:32","Apple Turnover","Pastries",4,"154.54","618.16"
"2025-06-20 05:18:05","Glazed Donut","Pastries",4,"148.75","595.00"
"2025-06-20 02:22:12","Latte","Pastries",4,"108.74","434.96"
"2025-06-20 02:15:04","Blueberry Muffin","Pastries",2,"185.15","370.30"
"2025-06-19 11:55:11","Eclair","Pastries",2,"146.12","292.24"
"2025-06-19 08:54:54","Flat White","Pastries",3,"113.21","339.63"
"2025-06-19 08:54:50","Almond Croissant","Pastries",1,"8.42","8.42"
"2025-06-19 06:57:11","Chocolate Chip Muffin","Pastries",4,"103.79","415.16"
"2025-06-19 05:44:37","Hot Chocolate","Pastries",1,"131.53","131.53"
"2025-06-18 22:50:42","Mocha","Pastries",5,"61.74","308.70"
"2025-06-18 18:37:42","Chocolate Chip Muffin","Pastries",1,"103.79","103.79"
"2025-06-18 17:53:24","Chocolate Chip Muffin","Pastries",2,"103.79","207.58"
"2025-06-18 10:50:05","Iced Coffee","Beverages",1,"107.80","107.80"
"2025-06-18 10:14:58","Red Velvet Cake","Pastries",1,"187.25","187.25"
"2025-06-18 04:51:24","Blueberry Muffin","Pastries",1,"185.15","185.15"
"2025-06-18 04:13:20","Tea","Beverages",5,"106.18","530.90"
"2025-06-18 01:30:45","Hot Chocolate","Pastries",4,"131.53","526.12"
"2025-06-17 23:58:56","Tea","Beverages",3,"106.18","318.54"
"2025-06-17 22:44:13","Tiramisu","Pastries",2,"196.55","393.10"
"2025-06-17 18:31:03","Baguette","Pastries",2,"133.77","267.54"
"2025-06-17 14:42:01","Blueberry Muffin","Pastries",3,"185.15","555.45"
"2025-06-17 06:57:23","Blueberry Muffin","Pastries",1,"185.15","185.15"
"2025-06-17 06:37:14","Flat White","Pastries",3,"113.21","339.63"
"2025-06-17 05:12:01","Glazed Donut","Pastries",3,"148.75","446.25"
"2025-06-17 05:10:12","Flat White","Pastries",5,"113.21","566.05"
"2025-06-17 03:22:10","Apple Turnover","Pastries",3,"154.54","463.62"
"2025-06-17 02:54:50","Espresso","Pastries",1,"195.76","195.76"
"2025-06-17 00:49:27","Hot Chocolate","Pastries",3,"131.53","394.59"
"2025-06-17 00:16:44","Macchiato","Pastries",5,"93.97","469.85"
"2025-06-16 20:05:32","Tea","Beverages",2,"106.18","212.36"
"2025-06-16 18:55:18","Apple Turnover","Pastries",4,"154.54","618.16"
"2025-06-16 16:59:02","Iced Mocha","Pastries",3,"144.00","432.00"
"2025-06-16 14:07:23","Blueberry Muffin","Pastries",3,"185.15","555.45"
"2025-06-16 11:17:53","Apple Turnover","Pastries",5,"154.54","772.70"
"2025-06-16 06:10:22","Iced Coffee","Beverages",4,"107.80","431.20"
"2025-06-16 03:23:53","Iced Coffee","Beverages",4,"107.80","431.20"
"2025-06-15 20:18:07","Chai Latte","Pastries",5,"100.50","502.50"
"2025-06-15 19:24:37","Cappuccino","Pastries",1,"76.25","76.25"
"2025-06-15 19:15:01","Tea","Beverages",5,"106.18","530.90"
"2025-06-15 19:04:06","Cappuccino","Pastries",2,"76.25","152.50"
"2025-06-15 17:20:43","Glazed Donut","Pastries",5,"148.75","743.75"
"2025-06-15 15:23:25","Americano","Pastries",2,"80.96","161.92"
"2025-06-15 11:44:43","Apple Turnover","Pastries",5,"154.54","772.70"
"2025-06-15 11:42:46","Red Velvet Cake","Pastries",3,"187.25","561.75"
"2025-06-15 09:02:53","Americano","Pastries",4,"80.96","323.84"
"2025-06-15 06:13:46","Tiramisu","Pastries",2,"196.55","393.10"
"2025-06-15 02:19:42","Chocolate Chip Muffin","Pastries",4,"103.79","415.16"
"2025-06-15 02:04:34","Tiramisu","Pastries",2,"196.55","393.10"
"2025-06-14 18:38:04","Glazed Donut","Pastries",1,"148.75","148.75"
"2025-06-14 09:17:48","Hot Chocolate","Pastries",3,"131.53","394.59"
"2025-06-14 09:06:15","Eclair","Pastries",3,"146.12","438.36"
"2025-06-14 07:58:35","Glazed Donut","Pastries",5,"148.75","743.75"
"2025-06-14 03:56:29","Latte","Pastries",1,"108.74","108.74"
"2025-06-13 18:29:49","Baguette","Pastries",4,"133.77","535.08"
"2025-06-13 14:28:27","Iced Mocha","Pastries",4,"144.00","576.00"
"2025-06-13 09:53:18","Almond Croissant","Pastries",3,"8.42","25.26"
"2025-06-13 08:34:27","Macchiato","Pastries",3,"93.97","281.91"
"2025-06-13 07:00:00","Iced Coffee","Beverages",5,"107.80","539.00"
"2025-06-13 00:01:54","Cappuccino","Pastries",5,"76.25","381.25"
"2025-06-12 22:18:16","Apple Turnover","Pastries",1,"154.54","154.54"
"2025-06-12 15:38:25","Iced Mocha","Pastries",2,"144.00","288.00"
"2025-06-12 15:09:06","Tiramisu","Pastries",3,"196.55","589.65"
"2025-06-12 13:45:32","Red Velvet Cake","Pastries",2,"187.25","374.50"
"2025-06-12 12:29:24","Eclair","Pastries",2,"146.12","292.24"
"2025-06-12 05:34:20","Tiramisu","Pastries",4,"196.55","786.20"
"2025-06-11 21:10:17","Mocha","Pastries",5,"61.74","308.70"
"2025-06-11 20:15:37","Chai Latte","Pastries",2,"100.50","201.00"
"2025-06-11 14:34:53","Iced Coffee","Beverages",4,"107.80","431.20"
"2025-06-11 10:54:30","Espresso","Pastries",2,"195.76","391.52"
"2025-06-11 08:42:24","Iced Mocha","Pastries",5,"144.00","720.00"
"2025-06-11 00:34:59","Blueberry Muffin","Pastries",1,"185.15","185.15"
"2025-06-10 18:04:06","Chai Latte","Pastries",4,"100.50","402.00"
"2025-06-10 17:02:11","Chocolate Chip Muffin","Pastries",5,"103.79","518.95"
"2025-06-10 13:41:05","Almond Croissant","Pastries",5,"8.42","42.10"
"2025-06-10 09:54:59","Almond Croissant","Pastries",5,"8.42","42.10"
"2025-06-10 07:47:48","Iced Mocha","Pastries",3,"144.00","432.00"
"2025-06-10 06:45:10","Iced Coffee","Beverages",3,"107.80","323.40"
"2025-06-10 04:26:28","Almond Croissant","Pastries",3,"8.42","25.26"
"2025-06-10 04:08:57","Tea","Beverages",3,"106.18","318.54"
"2025-06-09 20:19:17","Macchiato","Pastries",1,"93.97","93.97"
"2025-06-09 20:04:22","Cappuccino","Pastries",2,"76.25","152.50"
"2025-06-09 15:01:33","Mocha","Pastries",1,"61.74","61.74"
"2025-06-09 10:39:33","Iced Coffee","Beverages",1,"107.80","107.80"
"2025-06-09 09:11:17","Glazed Donut","Pastries",2,"148.75","297.50"
"2025-06-09 03:06:53","Tea","Beverages",5,"106.18","530.90"
"2025-06-09 02:48:21","Almond Croissant","Pastries",3,"8.42","25.26"
"2025-06-09 00:54:18","Eclair","Pastries",5,"146.12","730.60"
"2025-06-09 00:48:12","Blueberry Muffin","Pastries",1,"185.15","185.15"
"2025-06-09 00:11:20","Cappuccino","Pastries",4,"76.25","305.00"
"2025-06-08 21:42:16","Americano","Pastries",3,"80.96","242.88"
"2025-06-08 20:20:40","Glazed Donut","Pastries",2,"148.75","297.50"
"2025-06-08 18:48:52","Baguette","Pastries",5,"133.77","668.85"
"2025-06-08 16:38:45","Baguette","Pastries",4,"133.77","535.08"
"2025-06-08 14:37:06","Tiramisu","Pastries",4,"196.55","786.20"
"2025-06-08 14:34:18","Iced Mocha","Pastries",1,"144.00","144.00"
"2025-06-08 10:36:23","Eclair","Pastries",3,"146.12","438.36"
"2025-06-08 06:25:53","Flat White","Pastries",1,"113.21","113.21"
"2025-06-08 03:08:14","Flat White","Pastries",3,"113.21","339.63"
"2025-06-08 02:37:35","Eclair","Pastries",3,"146.12","438.36"
"2025-06-08 02:25:04","Eclair","Pastries",4,"146.12","584.48"
"2025-06-07 18:17:52","Tea","Beverages",3,"106.18","318.54"
"2025-06-07 14:55:47","Americano","Pastries",3,"80.96","242.88"
"2025-06-07 11:53:18","Baguette","Pastries",1,"133.77","133.77"
"2025-06-07 11:29:23","Eclair","Pastries",5,"146.12","730.60"
"2025-06-07 06:35:27","Latte","Pastries",2,"108.74","217.48"
"2025-06-07 06:10:22","Almonds","Pastries",1,"5.59","5.59"
"2025-06-07 03:30:54","Flat White","Pastries",5,"113.21","566.05"
"2025-06-06 22:55:46","Mocha","Pastries",4,"61.74","246.96"
"2025-06-06 20:02:55","Tiramisu","Pastries",2,"196.55","393.10"
"2025-06-06 18:51:14","Iced Coffee","Beverages",4,"107.80","431.20"
"2025-06-06 16:08:24","Chocolate Chip Muffin","Pastries",2,"103.79","207.58"
"2025-06-06 15:30:11","Chai Latte","Pastries",4,"100.50","402.00"
"2025-06-06 13:51:22","Eclair","Pastries",2,"146.12","292.24"
"2025-06-06 11:53:21","Eclair","Pastries",5,"146.12","730.60"
"2025-06-06 08:58:43","Espresso","Pastries",2,"195.76","391.52"
"2025-06-06 07:15:30","Macchiato","Pastries",4,"93.97","375.88"
"2025-06-05 21:53:10","Chocolate Chip Muffin","Pastries",1,"103.79","103.79"
"2025-06-05 20:44:33","Flat White","Pastries",2,"113.21","226.42"
"2025-06-05 17:53:52","Blueberry Muffin","Pastries",2,"185.15","370.30"
"2025-06-05 12:44:00","Mocha","Pastries",5,"61.74","308.70"
"2025-06-05 07:41:57","Iced Coffee","Beverages",3,"107.80","323.40"
"2025-06-05 06:46:52","Tea","Beverages",3,"106.18","318.54"
"2025-06-05 05:07:44","Glazed Donut","Pastries",5,"148.75","743.75"
"2025-06-04 23:49:26","Iced Mocha","Pastries",3,"144.00","432.00"
"2025-06-04 18:11:00","Mocha","Pastries",4,"61.74","246.96"
"2025-06-04 16:39:25","Americano","Pastries",2,"80.96","161.92"
"2025-06-04 10:40:56","Glazed Donut","Pastries",5,"148.75","743.75"
"2025-06-04 09:23:06","Blueberry Muffin","Pastries",4,"185.15","740.60"
"2025-06-04 05:34:05","Iced Coffee","Beverages",3,"107.80","323.40"
"2025-06-04 02:19:45","Almond Croissant","Pastries",5,"8.42","42.10"
"2025-06-03 20:55:25","Hot Chocolate","Pastries",5,"131.53","657.65"
"2025-06-02 16:35:21","Tea","Beverages",4,"106.18","424.72"
"2025-06-02 15:51:35","Glazed Donut","Pastries",5,"148.75","743.75"
"2025-06-02 06:01:39","Hot Chocolate","Pastries",2,"131.53","263.06"
"2025-06-02 03:22:49","Mocha","Pastries",3,"61.74","185.22"
"2025-06-02 03:22:27","Apple Turnover","Pastries",1,"154.54","154.54"
"2025-06-01 15:00:55","Macchiato","Pastries",2,"93.97","187.94"
"2025-06-01 13:55:18","Chai Latte","Pastries",3,"100.50","301.50"
"2025-06-01 12:47:20","Tiramisu","Pastries",4,"196.55","786.20"
"2025-06-01 12:34:41","Blueberry Muffin","Pastries",5,"185.15","925.75"
"2025-06-01 11:08:56","Blueberry Muffin","Pastries",3,"185.15","555.45"
"2025-06-01 09:09:53","Macchiato","Pastries",2,"93.97","187.94"
"2025-06-01 07:20:00","Chai Latte","Pastries",4,"100.50","402.00"
"2025-06-01 00:38:07","Almond Croissant","Pastries",4,"8.42","33.68"
"2025-05-31 21:39:40","Chai Latte","Pastries",3,"100.50","301.50"
"2025-05-31 20:54:02","Tiramisu","Pastries",5,"196.55","982.75"
"2025-05-31 18:29:04","Iced Coffee","Beverages",1,"107.80","107.80"
"2025-05-31 16:13:33","Tea","Beverages",2,"106.18","212.36"
"2025-05-31 11:51:53","Flat White","Pastries",5,"113.21","566.05"
"2025-05-31 05:02:02","Latte","Pastries",1,"108.74","108.74"
"2025-05-31 02:38:42","Americano","Pastries",2,"80.96","161.92"
"2025-05-30 21:53:00","Apple Turnover","Pastries",1,"154.54","154.54"
"2025-05-30 21:08:36","Glazed Donut","Pastries",5,"148.75","743.75"
"2025-05-30 15:20:24","Apple Turnover","Pastries",3,"154.54","463.62"
"2025-05-30 06:40:57","Latte","Pastries",2,"108.74","217.48"
"2025-05-30 01:16:42","Hot Chocolate","Pastries",3,"131.53","394.59"
"2025-05-30 00:38:46","Mocha","Pastries",3,"61.74","185.22"
"2025-05-29 23:29:51","Almond Croissant","Pastries",5,"8.42","42.10"
"2025-05-29 17:33:23","Hot Chocolate","Pastries",1,"131.53","131.53"
"2025-05-29 15:26:36","Cappuccino","Pastries",2,"76.25","152.50"
"2025-05-29 13:03:01","Almonds","Pastries",4,"5.59","22.36"
"2025-05-29 10:31:30","Almonds","Pastries",2,"5.59","11.18"
"2025-05-29 08:07:49","Almond Croissant","Pastries",2,"8.42","16.84"
"2025-05-29 03:45:11","Chai Latte","Pastries",1,"100.50","100.50"
"2025-05-28 23:29:44","Almonds","Pastries",4,"5.59","22.36"
"2025-05-28 20:37:56","Mocha","Pastries",4,"61.74","246.96"
"2025-05-28 18:25:18","Eclair","Pastries",3,"146.12","438.36"
"2025-05-28 16:06:13","Chocolate Chip Muffin","Pastries",4,"103.79","415.16"
"2025-05-28 15:34:58","Baguette","Pastries",1,"133.77","133.77"
"2025-05-28 13:44:22","Glazed Donut","Pastries",5,"148.75","743.75"
"2025-05-28 05:15:19","Red Velvet Cake","Pastries",5,"187.25","936.25"
"2025-05-28 03:05:50","Iced Coffee","Beverages",1,"107.80","107.80"
"2025-05-28 00:37:22","Chocolate Chip Muffin","Pastries",5,"103.79","518.95"
"2025-05-27 16:44:42","Tea","Beverages",4,"106.18","424.72"
"2025-05-27 15:54:40","Chocolate Chip Muffin","Pastries",2,"103.79","207.58"
"2025-05-27 11:58:42","Blueberry Muffin","Pastries",1,"185.15","185.15"
"2025-05-27 07:02:36","Apple Turnover","Pastries",3,"154.54","463.62"
"2025-05-27 05:21:15","Mocha","Pastries",1,"61.74","61.74"
"2025-05-27 00:37:48","Latte","Pastries",1,"108.74","108.74"
"2025-05-26 18:28:16","Almonds","Pastries",4,"5.59","22.36"
"2025-05-26 10:38:22","Espresso","Pastries",3,"195.76","587.28"
"2025-05-26 09:49:10","Red Velvet Cake","Pastries",3,"187.25","561.75"
"2025-05-26 07:47:43","Glazed Donut","Pastries",3,"148.75","446.25"
"2025-05-26 03:47:54","Cappuccino","Pastries",4,"76.25","305.00"
"2025-05-26 02:43:07","Red Velvet Cake","Pastries",4,"187.25","749.00"
"2025-05-25 23:46:21","Chocolate Chip Muffin","Pastries",5,"103.79","518.95"
"2025-05-25 21:56:58","Mocha","Pastries",3,"61.74","185.22"
"2025-05-25 20:07:34","Tea","Beverages",4,"106.18","424.72"
"2025-05-25 12:42:17","Flat White","Pastries",4,"113.21","452.84"
"2025-05-25 06:52:56","Cappuccino","Pastries",5,"76.25","381.25"
"2025-05-25 05:50:29","Tea","Beverages",2,"106.18","212.36"
"2025-05-24 19:34:05","Hot Chocolate","Pastries",1,"131.53","131.53"
"2025-05-24 14:17:47","Blueberry Muffin","Pastries",1,"185.15","185.15"
"2025-05-24 09:37:41","Espresso","Pastries",5,"195.76","978.80"
"2025-05-23 19:06:21","Blueberry Muffin","Pastries",5,"185.15","925.75"
"2025-05-23 18:58:58","Espresso","Pastries",4,"195.76","783.04"
"2025-05-23 16:03:30","Latte","Pastries",4,"108.74","434.96"
"2025-05-23 15:40:31","Blueberry Muffin","Pastries",2,"185.15","370.30"
"2025-05-23 13:46:18","Almond Croissant","Pastries",4,"8.42","33.68"
"2025-05-23 13:05:43","Americano","Pastries",1,"80.96","80.96"
"2025-05-23 11:50:22","Espresso","Pastries",5,"195.76","978.80"
"2025-05-23 10:49:01","Latte","Pastries",4,"108.74","434.96"
"2025-05-23 09:53:01","Glazed Donut","Pastries",4,"148.75","595.00"
"2025-05-23 09:38:43","Chocolate Chip Muffin","Pastries",5,"103.79","518.95"
"2025-05-23 09:17:23","Macchiato","Pastries",5,"93.97","469.85"
"2025-05-23 08:54:39","Hot Chocolate","Pastries",2,"131.53","263.06"
"2025-05-23 03:55:09","Flat White","Pastries",3,"113.21","339.63"
"2025-05-23 02:47:29","Iced Coffee","Beverages",5,"107.80","539.00"
"2025-05-22 23:36:01","Espresso","Pastries",5,"195.76","978.80"
"2025-05-22 20:31:30","Hot Chocolate","Pastries",3,"131.53","394.59"
"2025-05-22 19:41:46","Iced Mocha","Pastries",2,"144.00","288.00"
"2025-05-22 19:00:12","Apple Turnover","Pastries",1,"154.54","154.54"
"2025-05-22 18:26:53","Chai Latte","Pastries",5,"100.50","502.50"
"2025-05-22 17:50:03","Iced Mocha","Pastries",4,"144.00","576.00"
"2025-05-22 17:09:22","Tea","Beverages",2,"106.18","212.36"
"2025-05-22 14:58:25","Iced Mocha","Pastries",3,"144.00","432.00"
"2025-05-22 14:10:16","Chai Latte","Pastries",1,"100.50","100.50"
"2025-05-22 12:49:07","Red Velvet Cake","Pastries",5,"187.25","936.25"
"2025-05-22 07:44:05","Glazed Donut","Pastries",2,"148.75","297.50"
"2025-05-22 07:18:51","Americano","Pastries",2,"80.96","161.92"
"2025-05-22 07:18:02","Macchiato","Pastries",1,"93.97","93.97"
"2025-05-22 06:55:21","Tiramisu","Pastries",5,"196.55","982.75"
"2025-05-22 06:06:34","Eclair","Pastries",1,"146.12","146.12"
"2025-05-21 23:41:01","Chocolate Chip Muffin","Pastries",3,"103.79","311.37"
"2025-05-21 21:17:16","Americano","Pastries",3,"80.96","242.88"
"2025-05-21 16:27:45","Iced Coffee","Beverages",4,"107.80","431.20"
"2025-05-21 14:07:04","Chocolate Chip Muffin","Pastries",5,"103.79","518.95"
"2025-05-21 11:52:13","Almonds","Pastries",5,"5.59","27.95"
"2025-05-21 10:25:11","Americano","Pastries",3,"80.96","242.88"
"2025-05-21 07:40:37","Iced Coffee","Beverages",2,"107.80","215.60"
"2025-05-21 07:17:07","Iced Mocha","Pastries",3,"144.00","432.00"
"2025-05-21 06:43:54","Almonds","Pastries",5,"5.59","27.95"
"2025-05-21 06:16:21","Eclair","Pastries",3,"146.12","438.36"
"2025-05-20 22:36:53","Almonds","Pastries",1,"5.59","5.59"
"2025-05-20 22:28:14","Almond Croissant","Pastries",4,"8.42","33.68"
"2025-05-20 22:26:43","Apple Turnover","Pastries",4,"154.54","618.16"
"2025-05-20 20:16:05","Macchiato","Pastries",5,"93.97","469.85"
"2025-05-20 19:35:42","Blueberry Muffin","Pastries",1,"185.15","185.15"
"2025-05-20 19:17:05","Flat White","Pastries",5,"113.21","566.05"
"2025-05-20 16:38:16","Chocolate Chip Muffin","Pastries",1,"103.79","103.79"
"2025-05-20 15:52:55","Red Velvet Cake","Pastries",3,"187.25","561.75"
"2025-05-20 10:12:50","Apple Turnover","Pastries",4,"154.54","618.16"
"2025-05-20 07:29:41","Flat White","Pastries",5,"113.21","566.05"
"2025-05-19 22:52:09","Almonds","Pastries",2,"5.59","11.18"
"2025-05-19 22:12:57","Hot Chocolate","Pastries",1,"131.53","131.53"
"2025-05-19 17:08:54","Tiramisu","Pastries",2,"196.55","393.10"
"2025-05-19 12:22:13","Baguette","Pastries",1,"133.77","133.77"
"2025-05-19 10:54:06","Iced Mocha","Pastries",3,"144.00","432.00"
"2025-05-19 10:00:59","Iced Mocha","Pastries",1,"144.00","144.00"
"2025-05-19 06:22:33","Tiramisu","Pastries",4,"196.55","786.20"
"2025-05-19 05:55:20","Americano","Pastries",4,"80.96","323.84"
"2025-05-18 23:22:25","Baguette","Pastries",5,"133.77","668.85"
"2025-05-18 22:10:28","Chocolate Chip Muffin","Pastries",3,"103.79","311.37"
"2025-05-18 20:20:22","Iced Coffee","Beverages",1,"107.80","107.80"
"2025-05-18 20:19:52","Chocolate Chip Muffin","Pastries",2,"103.79","207.58"
"2025-05-18 17:11:33","Baguette","Pastries",2,"133.77","267.54"
"2025-05-18 09:48:26","Macchiato","Pastries",3,"93.97","281.91"
"2025-05-18 02:50:45","Cappuccino","Pastries",4,"76.25","305.00"
"2025-05-18 02:28:22","Chai Latte","Pastries",5,"100.50","502.50"
"2025-05-17 23:24:08","Cappuccino","Pastries",2,"76.25","152.50"
"2025-05-17 21:55:55","Tiramisu","Pastries",1,"196.55","196.55"
"2025-05-17 19:04:39","Hot Chocolate","Pastries",2,"131.53","263.06"
"2025-05-17 16:28:16","Iced Mocha","Pastries",1,"144.00","144.00"
"2025-05-17 15:43:08","Almond Croissant","Pastries",1,"8.42","8.42"
"2025-05-17 12:56:20","Iced Coffee","Beverages",1,"107.80","107.80"
"2025-05-17 10:59:43","Blueberry Muffin","Pastries",1,"185.15","185.15"
"2025-05-17 07:40:02","Tea","Beverages",4,"106.18","424.72"
"2025-05-17 04:11:31","Flat White","Pastries",5,"113.21","566.05"
"2025-05-17 01:58:19","Iced Coffee","Beverages",3,"107.80","323.40"
"2025-05-16 23:01:23","Latte","Pastries",1,"108.74","108.74"
"2025-05-16 22:43:38","Baguette","Pastries",1,"133.77","133.77"
"2025-05-16 20:04:37","Blueberry Muffin","Pastries",2,"185.15","370.30"
"2025-05-16 12:00:16","Latte","Pastries",2,"108.74","217.48"
"2025-05-16 11:26:29","Blueberry Muffin","Pastries",5,"185.15","925.75"
"2025-05-16 00:15:58","Mocha","Pastries",5,"61.74","308.70"
"2025-05-15 23:42:50","Hot Chocolate","Pastries",3,"131.53","394.59"
"2025-05-15 22:09:20","Americano","Pastries",5,"80.96","404.80"
"2025-05-15 20:52:03","Americano","Pastries",3,"80.96","242.88"
"2025-05-15 20:26:47","Iced Mocha","Pastries",3,"144.00","432.00"
"2025-05-15 16:56:42","Mocha","Pastries",1,"61.74","61.74"
"2025-05-15 15:28:28","Espresso","Pastries",3,"195.76","587.28"
"2025-05-15 14:05:54","Flat White","Pastries",3,"113.21","339.63"
"2025-05-15 07:37:41","Chocolate Chip Muffin","Pastries",3,"103.79","311.37"
"2025-05-15 06:02:04","Tea","Beverages",5,"106.18","530.90"
"2025-05-15 05:49:24","Cappuccino","Pastries",1,"76.25","76.25"
"2025-05-15 03:42:03","Tea","Beverages",4,"106.18","424.72"
"2025-05-15 01:42:49","Macchiato","Pastries",5,"93.97","469.85"
"2025-05-14 20:38:59","Apple Turnover","Pastries",5,"154.54","772.70"
"2025-05-14 13:48:52","Iced Mocha","Pastries",2,"144.00","288.00"
"2025-05-14 13:33:54","Chai Latte","Pastries",5,"100.50","502.50"
"2025-05-14 12:44:25","Baguette","Pastries",3,"133.77","401.31"
"2025-05-14 11:46:03","Tea","Beverages",5,"106.18","530.90"
"2025-05-14 11:45:38","Almonds","Pastries",4,"5.59","22.36"
"2025-05-14 10:37:41","Iced Coffee","Beverages",4,"107.80","431.20"
"2025-05-14 08:17:02","Blueberry Muffin","Pastries",1,"185.15","185.15"
"2025-05-14 07:03:05","Flat White","Pastries",3,"113.21","339.63"
"2025-05-14 06:04:44","Glazed Donut","Pastries",1,"148.75","148.75"
"2025-05-14 05:08:06","Iced Mocha","Pastries",3,"144.00","432.00"
"2025-05-14 04:42:13","Blueberry Muffin","Pastries",3,"185.15","555.45"
"2025-05-14 04:41:58","Almonds","Pastries",5,"5.59","27.95"
"2025-05-14 00:46:27","Iced Coffee","Beverages",1,"107.80","107.80"
"2025-05-14 00:10:54","Hot Chocolate","Pastries",2,"131.53","263.06"
"2025-05-13 23:56:10","Latte","Pastries",2,"108.74","217.48"
"2025-05-13 21:26:54","Apple Turnover","Pastries",4,"154.54","618.16"
"2025-05-13 21:20:06","Red Velvet Cake","Pastries",5,"187.25","936.25"
"2025-05-13 21:03:19","Almonds","Pastries",1,"5.59","5.59"
"2025-05-13 19:16:50","Almond Croissant","Pastries",3,"8.42","25.26"
"2025-05-13 18:12:53","Latte","Pastries",3,"108.74","326.22"
"2025-05-13 15:15:43","Hot Chocolate","Pastries",1,"131.53","131.53"
"2025-05-13 09:35:09","Mocha","Pastries",5,"61.74","308.70"
"2025-05-13 09:24:57","Glazed Donut","Pastries",1,"148.75","148.75"
"2025-05-13 09:01:14","Cappuccino","Pastries",2,"76.25","152.50"
"2025-05-13 09:00:17","Almonds","Pastries",1,"5.59","5.59"
"2025-05-13 08:35:13","Almond Croissant","Pastries",4,"8.42","33.68"
"2025-05-13 06:39:49","Americano","Pastries",2,"80.96","161.92"
"2025-05-13 03:56:32","Almonds","Pastries",5,"5.59","27.95"
"2025-05-13 00:41:58","Iced Coffee","Beverages",3,"107.80","323.40"
"2025-05-12 16:33:37","Eclair","Pastries",5,"146.12","730.60"
"2025-05-12 03:46:33","Apple Turnover","Pastries",3,"154.54","463.62"
"2025-05-12 01:40:13","Espresso","Pastries",1,"195.76","195.76"
"2025-05-11 23:44:43","Flat White","Pastries",1,"113.21","113.21"
"2025-05-11 14:25:15","Tiramisu","Pastries",4,"196.55","786.20"
"2025-05-11 11:12:38","Macchiato","Pastries",3,"93.97","281.91"
"2025-05-11 10:42:21","Apple Turnover","Pastries",5,"154.54","772.70"
"2025-05-11 04:38:26","Hot Chocolate","Pastries",2,"131.53","263.06"
"2025-05-11 04:06:05","Flat White","Pastries",4,"113.21","452.84"
"2025-05-11 02:17:37","Iced Coffee","Beverages",5,"107.80","539.00"
"2025-05-11 02:07:01","Macchiato","Pastries",3,"93.97","281.91"
"2025-05-10 20:03:00","Flat White","Pastries",3,"113.21","339.63"
"2025-05-10 17:32:10","Americano","Pastries",2,"80.96","161.92"
"2025-05-10 15:23:17","Americano","Pastries",3,"80.96","242.88"
"2025-05-10 12:37:17","Blueberry Muffin","Pastries",5,"185.15","925.75"
"2025-05-10 11:45:25","Iced Coffee","Beverages",4,"107.80","431.20"
"2025-05-10 03:47:49","Apple Turnover","Pastries",1,"154.54","154.54"
"2025-05-10 01:41:23","Blueberry Muffin","Pastries",4,"185.15","740.60"
"2025-05-10 01:07:13","Espresso","Pastries",3,"195.76","587.28"
"2025-05-10 00:17:16","Hot Chocolate","Pastries",2,"131.53","263.06"
"2025-05-09 23:33:06","Red Velvet Cake","Pastries",5,"187.25","936.25"
"2025-05-09 17:23:52","Hot Chocolate","Pastries",3,"131.53","394.59"
"2025-05-09 07:33:30","Hot Chocolate","Pastries",2,"131.53","263.06"
"2025-05-09 04:22:37","Espresso","Pastries",1,"195.76","195.76"
"2025-05-09 04:20:18","Apple Turnover","Pastries",4,"154.54","618.16"
"2025-05-09 02:46:34","Iced Mocha","Pastries",2,"144.00","288.00"
"2025-05-09 01:22:13","Iced Coffee","Beverages",2,"107.80","215.60"
"2025-05-08 22:48:23","Chai Latte","Pastries",4,"100.50","402.00"
"2025-05-08 18:39:31","Americano","Pastries",3,"80.96","242.88"
"2025-05-08 13:19:16","Iced Mocha","Pastries",4,"144.00","576.00"
"2025-05-08 03:46:38","Almond Croissant","Pastries",4,"8.42","33.68"
"2025-05-08 02:44:52","Eclair","Pastries",3,"146.12","438.36"
"2025-05-07 21:12:17","Tea","Beverages",5,"106.18","530.90"
"2025-05-07 17:56:20","Blueberry Muffin","Pastries",3,"185.15","555.45"
"2025-05-07 16:26:10","Hot Chocolate","Pastries",3,"131.53","394.59"
"2025-05-07 15:06:49","Baguette","Pastries",2,"133.77","267.54"
"2025-05-07 10:46:34","Latte","Pastries",3,"108.74","326.22"
"2025-05-07 07:10:46","Red Velvet Cake","Pastries",2,"187.25","374.50"
"2025-05-07 05:46:28","Tea","Beverages",4,"106.18","424.72"
"2025-05-07 01:24:12","Cappuccino","Pastries",1,"76.25","76.25"
"2025-05-06 20:51:37","Glazed Donut","Pastries",5,"148.75","743.75"
"2025-05-06 15:39:23","Tea","Beverages",4,"106.18","424.72"
"2025-05-06 12:49:45","Americano","Pastries",2,"80.96","161.92"
"2025-05-06 10:26:42","Flat White","Pastries",5,"113.21","566.05"
"2025-05-06 03:02:03","Blueberry Muffin","Pastries",5,"185.15","925.75"
"2025-05-06 01:11:29","Americano","Pastries",4,"80.96","323.84"
"2025-05-05 19:27:55","Red Velvet Cake","Pastries",3,"187.25","561.75"
"2025-05-05 18:48:33","Iced Coffee","Beverages",3,"107.80","323.40"
"2025-05-05 14:14:57","Eclair","Pastries",2,"146.12","292.24"
"2025-05-05 11:45:07","Iced Mocha","Pastries",2,"144.00","288.00"
"2025-05-05 00:58:20","Tiramisu","Pastries",5,"196.55","982.75"
"2025-05-05 00:08:56","Iced Mocha","Pastries",5,"144.00","720.00"
"2025-05-04 18:09:02","Blueberry Muffin","Pastries",4,"185.15","740.60"
"2025-05-04 14:59:24","Iced Mocha","Pastries",3,"144.00","432.00"
"2025-05-04 14:06:24","Red Velvet Cake","Pastries",5,"187.25","936.25"
"2025-05-04 11:42:42","Glazed Donut","Pastries",1,"148.75","148.75"
"2025-05-04 08:49:42","Blueberry Muffin","Pastries",3,"185.15","555.45"
"2025-05-04 04:39:22","Red Velvet Cake","Pastries",4,"187.25","749.00"
"2025-05-04 04:08:54","Iced Mocha","Pastries",2,"144.00","288.00"
"2025-05-04 03:26:11","Glazed Donut","Pastries",1,"148.75","148.75"
"2025-05-03 19:52:48","Iced Mocha","Pastries",2,"144.00","288.00"
"2025-05-03 17:40:04","Americano","Pastries",1,"80.96","80.96"
"2025-05-03 16:02:55","Mocha","Pastries",5,"61.74","308.70"
"2025-05-03 12:08:12","Blueberry Muffin","Pastries",5,"185.15","925.75"
"2025-05-03 09:42:19","Blueberry Muffin","Pastries",4,"185.15","740.60"
"2025-05-03 03:01:47","Almonds","Pastries",2,"5.59","11.18"
"2025-05-02 22:40:38","Latte","Pastries",3,"108.74","326.22"
"2025-05-02 22:36:24","Hot Chocolate","Pastries",2,"131.53","263.06"
"2025-05-02 22:32:25","Americano","Pastries",1,"80.96","80.96"
"2025-05-02 21:11:20","Eclair","Pastries",4,"146.12","584.48"
"2025-05-02 17:45:40","Apple Turnover","Pastries",5,"154.54","772.70"
"2025-05-02 13:19:23","Chai Latte","Pastries",1,"100.50","100.50"
"2025-05-02 13:06:47","Macchiato","Pastries",4,"93.97","375.88"
"2025-05-02 12:36:10","Hot Chocolate","Pastries",1,"131.53","131.53"
"2025-05-02 11:11:25","Hot Chocolate","Pastries",3,"131.53","394.59"
"2025-05-02 09:18:51","Latte","Pastries",4,"108.74","434.96"
"2025-05-02 08:29:27","Flat White","Pastries",3,"113.21","339.63"
"2025-05-02 03:43:11","Tiramisu","Pastries",3,"196.55","589.65"
"2025-05-02 03:33:09","Tiramisu","Pastries",2,"196.55","393.10"
"2025-05-02 03:04:46","Red Velvet Cake","Pastries",3,"187.25","561.75"
"2025-05-02 01:40:59","Glazed Donut","Pastries",1,"148.75","148.75"
"2025-05-02 00:18:15","Tiramisu","Pastries",5,"196.55","982.75"
"2025-05-01 21:40:45","Hot Chocolate","Pastries",2,"131.53","263.06"
"2025-05-01 12:31:53","Hot Chocolate","Pastries",1,"131.53","131.53"
"2025-05-01 10:04:58","Macchiato","Pastries",2,"93.97","187.94"
"2025-05-01 07:45:51","Almonds","Pastries",2,"5.59","11.18"
"2025-05-01 07:20:05","Latte","Pastries",1,"108.74","108.74"
"2025-05-01 06:05:23","Tiramisu","Pastries",1,"196.55","196.55"
"2025-05-01 05:59:32","Hot Chocolate","Pastries",4,"131.53","526.12"
"2025-04-30 23:43:19","Chocolate Chip Muffin","Pastries",1,"103.79","103.79"
"2025-04-30 20:00:02","Flat White","Pastries",4,"113.21","452.84"
"2025-04-30 14:44:09","Iced Coffee","Beverages",1,"107.80","107.80"
"2025-04-30 08:48:13","Red Velvet Cake","Pastries",4,"187.25","749.00"
"2025-04-30 06:39:50","Eclair","Pastries",1,"146.12","146.12"
"2025-04-30 05:28:03","Tiramisu","Pastries",4,"196.55","786.20"
"2025-04-29 22:30:06","Tiramisu","Pastries",5,"196.55","982.75"
"2025-04-29 21:46:48","Glazed Donut","Pastries",4,"148.75","595.00"
"2025-04-29 21:37:52","Blueberry Muffin","Pastries",5,"185.15","925.75"
"2025-04-29 19:52:18","Chocolate Chip Muffin","Pastries",4,"103.79","415.16"
"2025-04-29 17:01:46","Eclair","Pastries",4,"146.12","584.48"
"2025-04-29 15:07:53","Flat White","Pastries",5,"113.21","566.05"
"2025-04-29 13:54:53","Espresso","Pastries",4,"195.76","783.04"
"2025-04-29 11:57:43","Espresso","Pastries",2,"195.76","391.52"
"2025-04-29 10:24:05","Mocha","Pastries",1,"61.74","61.74"
"2025-04-29 08:40:09","Iced Coffee","Beverages",5,"107.80","539.00"
"2025-04-29 08:09:06","Iced Mocha","Pastries",5,"144.00","720.00"
"2025-04-29 07:02:28","Tea","Beverages",1,"106.18","106.18"
"2025-04-29 01:46:48","Flat White","Pastries",4,"113.21","452.84"
"2025-04-28 14:59:51","Macchiato","Pastries",4,"93.97","375.88"
"2025-04-28 05:39:01","Macchiato","Pastries",3,"93.97","281.91"
"2025-04-28 05:01:03","Hot Chocolate","Pastries",5,"131.53","657.65"
"2025-04-28 04:12:41","Chai Latte","Pastries",2,"100.50","201.00"
"2025-04-28 02:35:55","Chocolate Chip Muffin","Pastries",2,"103.79","207.58"
"2025-04-27 23:37:00","Tiramisu","Pastries",4,"196.55","786.20"
"2025-04-27 22:36:57","Eclair","Pastries",1,"146.12","146.12"
"2025-04-27 19:51:04","Iced Coffee","Beverages",3,"107.80","323.40"
"2025-04-27 17:59:12","Red Velvet Cake","Pastries",5,"187.25","936.25"
"2025-04-27 17:58:02","Almond Croissant","Pastries",5,"8.42","42.10"
"2025-04-27 16:55:23","Tea","Beverages",1,"106.18","106.18"
"2025-04-27 15:59:54","Blueberry Muffin","Pastries",4,"185.15","740.60"
"2025-04-27 09:20:59","Tiramisu","Pastries",5,"196.55","982.75"
"2025-04-27 07:05:24","Blueberry Muffin","Pastries",2,"185.15","370.30"
"2025-04-27 06:18:48","Glazed Donut","Pastries",5,"148.75","743.75"
"2025-04-27 06:11:20","Eclair","Pastries",4,"146.12","584.48"
"2025-04-27 00:21:34","Espresso","Pastries",3,"195.76","587.28"
"2025-04-26 18:55:32","Flat White","Pastries",3,"113.21","339.63"
"2025-04-26 18:11:18","Flat White","Pastries",2,"113.21","226.42"
"2025-04-26 13:01:31","Tiramisu","Pastries",4,"196.55","786.20"
"2025-04-26 12:37:27","Iced Coffee","Beverages",1,"107.80","107.80"
"2025-04-26 08:54:06","Espresso","Pastries",2,"195.76","391.52"
"2025-04-26 08:51:08","Hot Chocolate","Pastries",1,"131.53","131.53"
"2025-04-26 06:36:22","Latte","Pastries",5,"108.74","543.70"
"2025-04-26 03:44:12","Espresso","Pastries",1,"195.76","195.76"
"2025-04-26 03:41:02","Blueberry Muffin","Pastries",2,"185.15","370.30"
"2025-04-26 02:20:13","Iced Coffee","Beverages",4,"107.80","431.20"
"2025-04-26 01:34:30","Espresso","Pastries",3,"195.76","587.28"
"2025-04-25 21:19:11","Tiramisu","Pastries",3,"196.55","589.65"
"2025-04-25 16:35:15","Eclair","Pastries",2,"146.12","292.24"
"2025-04-25 13:10:38","Eclair","Pastries",5,"146.12","730.60"
"2025-04-25 12:34:41","Apple Turnover","Pastries",1,"154.54","154.54"
"2025-04-25 12:29:35","Baguette","Pastries",4,"133.77","535.08"
"2025-04-25 09:25:28","Eclair","Pastries",2,"146.12","292.24"
"2025-04-25 09:03:38","Iced Mocha","Pastries",1,"144.00","144.00"
"2025-04-25 08:00:03","Americano","Pastries",4,"80.96","323.84"
"2025-04-25 04:28:25","Macchiato","Pastries",2,"93.97","187.94"
"2025-04-25 03:40:35","Chocolate Chip Muffin","Pastries",4,"103.79","415.16"
"2025-04-25 00:03:36","Flat White","Pastries",5,"113.21","566.05"
"2025-04-24 23:32:26","Glazed Donut","Pastries",4,"148.75","595.00"
"2025-04-24 19:21:10","Espresso","Pastries",5,"195.76","978.80"
"2025-04-24 13:06:49","Chai Latte","Pastries",3,"100.50","301.50"
"2025-04-24 10:00:47","Baguette","Pastries",4,"133.77","535.08"
"2025-04-24 08:55:46","Latte","Pastries",5,"108.74","543.70"
"2025-04-24 07:08:27","Red Velvet Cake","Pastries",4,"187.25","749.00"
"2025-04-23 18:19:01","Blueberry Muffin","Pastries",4,"185.15","740.60"
"2025-04-23 16:35:49","Chocolate Chip Muffin","Pastries",5,"103.79","518.95"
"2025-04-23 14:24:19","Macchiato","Pastries",3,"93.97","281.91"
"2025-04-23 11:41:28","Hot Chocolate","Pastries",3,"131.53","394.59"
"2025-04-23 06:56:56","Iced Coffee","Beverages",3,"107.80","323.40"
"2025-04-23 00:53:50","Blueberry Muffin","Pastries",3,"185.15","555.45"
"2025-04-22 22:28:29","Glazed Donut","Pastries",1,"148.75","148.75"
"2025-04-22 22:00:21","Red Velvet Cake","Pastries",5,"187.25","936.25"
"2025-04-22 20:38:38","Almonds","Pastries",2,"5.59","11.18"
"2025-04-22 20:25:05","Macchiato","Pastries",5,"93.97","469.85"
"2025-04-22 20:08:01","Macchiato","Pastries",3,"93.97","281.91"
"2025-04-22 20:05:01","Apple Turnover","Pastries",2,"154.54","309.08"
"2025-04-22 13:50:13","Tiramisu","Pastries",5,"196.55","982.75"
"2025-04-22 11:41:16","Latte","Pastries",4,"108.74","434.96"
"2025-04-22 10:51:23","Apple Turnover","Pastries",3,"154.54","463.62"
"2025-04-22 10:48:51","Glazed Donut","Pastries",5,"148.75","743.75"
"2025-04-22 10:29:52","Macchiato","Pastries",5,"93.97","469.85"
"2025-04-22 02:51:27","Chocolate Chip Muffin","Pastries",1,"103.79","103.79"
"2025-04-22 02:03:51","Flat White","Pastries",3,"113.21","339.63"
"2025-04-22 00:23:54","Apple Turnover","Pastries",3,"154.54","463.62"
"2025-04-21 23:59:58","Baguette","Pastries",1,"133.77","133.77"
"2025-04-21 17:10:17","Latte","Pastries",5,"108.74","543.70"
"2025-04-21 16:03:36","Baguette","Pastries",4,"133.77","535.08"
"2025-04-21 09:07:55","Hot Chocolate","Pastries",5,"131.53","657.65"
"2025-04-21 06:12:49","Chocolate Chip Muffin","Pastries",4,"103.79","415.16"
"2025-04-21 04:20:23","Latte","Pastries",5,"108.74","543.70"
"2025-04-21 02:59:19","Cappuccino","Pastries",4,"76.25","305.00"
"2025-04-21 02:42:18","Blueberry Muffin","Pastries",1,"185.15","185.15"
"2025-04-20 19:28:37","Espresso","Pastries",2,"195.76","391.52"
"2025-04-20 16:31:17","Iced Coffee","Beverages",4,"107.80","431.20"
"2025-04-20 10:39:00","Chocolate Chip Muffin","Pastries",3,"103.79","311.37"
"2025-04-20 09:57:03","Tiramisu","Pastries",3,"196.55","589.65"
"2025-04-20 07:32:33","Red Velvet Cake","Pastries",3,"187.25","561.75"
"2025-04-20 05:58:23","Almonds","Pastries",3,"5.59","16.77"
"2025-04-20 04:27:50","Americano","Pastries",2,"80.96","161.92"
"2025-04-19 23:40:13","Iced Coffee","Beverages",4,"107.80","431.20"
"2025-04-19 23:11:39","Tiramisu","Pastries",3,"196.55","589.65"
"2025-04-19 21:35:48","Flat White","Pastries",3,"113.21","339.63"
"2025-04-19 19:02:45","Hot Chocolate","Pastries",1,"131.53","131.53"
"2025-04-19 18:38:38","Chai Latte","Pastries",1,"100.50","100.50"
"2025-04-19 18:23:31","Red Velvet Cake","Pastries",3,"187.25","561.75"
"2025-04-19 13:17:47","Red Velvet Cake","Pastries",1,"187.25","187.25"
"2025-04-19 13:00:01","Iced Coffee","Beverages",3,"107.80","323.40"
"2025-04-19 12:20:38","Eclair","Pastries",3,"146.12","438.36"
"2025-04-19 11:44:28","Glazed Donut","Pastries",5,"148.75","743.75"
"2025-04-19 09:53:14","Apple Turnover","Pastries",3,"154.54","463.62"
"2025-04-19 06:30:24","Espresso","Pastries",4,"195.76","783.04"
"2025-04-19 03:14:40","Flat White","Pastries",1,"113.21","113.21"
"2025-04-19 00:59:36","Americano","Pastries",2,"80.96","161.92"
"2025-04-18 23:41:08","Iced Coffee","Beverages",3,"107.80","323.40"
"2025-04-18 23:05:36","Iced Mocha","Pastries",1,"144.00","144.00"
"2025-04-18 20:57:31","Iced Coffee","Beverages",3,"107.80","323.40"
"2025-04-18 19:26:24","Apple Turnover","Pastries",5,"154.54","772.70"
"2025-04-18 16:43:12","Flat White","Pastries",4,"113.21","452.84"
"2025-04-18 08:36:08","Almonds","Pastries",3,"5.59","16.77"
"2025-04-18 08:20:35","Almonds","Pastries",4,"5.59","22.36"
"2025-04-18 03:56:42","Cappuccino","Pastries",1,"76.25","76.25"
"2025-04-18 03:00:26","Iced Mocha","Pastries",5,"144.00","720.00"
"2025-04-18 00:00:52","Eclair","Pastries",4,"146.12","584.48"
"2025-04-17 19:51:42","Hot Chocolate","Pastries",2,"131.53","263.06"
"2025-04-17 19:03:46","Almond Croissant","Pastries",5,"8.42","42.10"
"2025-04-17 18:25:52","Almonds","Pastries",5,"5.59","27.95"
"2025-04-17 18:15:33","Red Velvet Cake","Pastries",5,"187.25","936.25"
"2025-04-17 12:08:46","Iced Coffee","Beverages",1,"107.80","107.80"
"2025-04-16 23:46:44","Cappuccino","Pastries",3,"76.25","228.75"
"2025-04-16 20:57:23","Americano","Pastries",4,"80.96","323.84"
"2025-04-16 20:24:08","Hot Chocolate","Pastries",4,"131.53","526.12"
"2025-04-16 19:38:56","Red Velvet Cake","Pastries",2,"187.25","374.50"
"2025-04-16 13:20:13","Glazed Donut","Pastries",3,"148.75","446.25"
"2025-04-16 13:00:55","Macchiato","Pastries",5,"93.97","469.85"
"2025-04-16 12:31:02","Apple Turnover","Pastries",1,"154.54","154.54"
"2025-04-16 12:18:39","Blueberry Muffin","Pastries",3,"185.15","555.45"
"2025-04-16 11:28:59","Chocolate Chip Muffin","Pastries",4,"103.79","415.16"
"2025-04-16 08:47:31","Eclair","Pastries",2,"146.12","292.24"
"2025-04-16 08:40:54","Almonds","Pastries",1,"5.59","5.59"
"2025-04-16 06:54:37","Tiramisu","Pastries",4,"196.55","786.20"
"2025-04-16 06:46:56","Tea","Beverages",1,"106.18","106.18"
"2025-04-16 06:31:16","Latte","Pastries",3,"108.74","326.22"
"2025-04-16 05:39:04","Iced Coffee","Beverages",2,"107.80","215.60"
"2025-04-16 04:34:07","Flat White","Pastries",5,"113.21","566.05"
"2025-04-16 01:16:38","Latte","Pastries",1,"108.74","108.74"
"2025-04-16 01:10:40","Almonds","Pastries",1,"5.59","5.59"
"2025-04-15 14:14:04","Tiramisu","Pastries",1,"196.55","196.55"
"2025-04-15 13:34:53","Eclair","Pastries",5,"146.12","730.60"
"2025-04-15 12:03:52","Macchiato","Pastries",2,"93.97","187.94"
"2025-04-15 07:28:45","Almonds","Pastries",4,"5.59","22.36"
"2025-04-14 23:25:14","Iced Mocha","Pastries",1,"144.00","144.00"
"2025-04-14 23:10:41","Mocha","Pastries",4,"61.74","246.96"
"2025-04-14 22:51:49","Red Velvet Cake","Pastries",2,"187.25","374.50"
"2025-04-14 21:21:58","Apple Turnover","Pastries",4,"154.54","618.16"
"2025-04-14 21:15:49","Cappuccino","Pastries",5,"76.25","381.25"
"2025-04-14 20:45:29","Almond Croissant","Pastries",5,"8.42","42.10"
"2025-04-14 17:19:14","Almond Croissant","Pastries",3,"8.42","25.26"
"2025-04-14 08:49:57","Baguette","Pastries",1,"133.77","133.77"
"2025-04-14 06:08:46","Baguette","Pastries",4,"133.77","535.08"
"2025-04-13 20:38:11","Iced Mocha","Pastries",1,"144.00","144.00"
"2025-04-13 16:35:37","Mocha","Pastries",3,"61.74","185.22"
"2025-04-13 14:35:28","Latte","Pastries",4,"108.74","434.96"
"2025-04-13 09:01:59","Almond Croissant","Pastries",1,"8.42","8.42"
"2025-04-13 03:36:38","Apple Turnover","Pastries",5,"154.54","772.70"
"2025-04-13 02:43:57","Tiramisu","Pastries",1,"196.55","196.55"
"2025-04-12 20:50:45","Macchiato","Pastries",4,"93.97","375.88"
"2025-04-12 19:50:36","Americano","Pastries",2,"80.96","161.92"
"2025-04-12 19:24:39","Red Velvet Cake","Pastries",2,"187.25","374.50"
"2025-04-12 17:50:47","Glazed Donut","Pastries",5,"148.75","743.75"
"2025-04-12 17:20:13","Iced Coffee","Beverages",1,"107.80","107.80"
"2025-04-12 16:49:54","Almond Croissant","Pastries",3,"8.42","25.26"
"2025-04-12 14:48:09","Iced Mocha","Pastries",3,"144.00","432.00"
"2025-04-12 13:15:37","Chai Latte","Pastries",4,"100.50","402.00"
"2025-04-12 10:26:45","Blueberry Muffin","Pastries",2,"185.15","370.30"
"2025-04-12 09:44:56","Almond Croissant","Pastries",4,"8.42","33.68"
"2025-04-12 08:04:53","Almonds","Pastries",5,"5.59","27.95"
"2025-04-12 07:13:38","Cappuccino","Pastries",2,"76.25","152.50"
"2025-04-12 07:08:15","Americano","Pastries",4,"80.96","323.84"
"2025-04-12 06:50:07","Cappuccino","Pastries",4,"76.25","305.00"
"2025-04-12 04:39:33","Almond Croissant","Pastries",4,"8.42","33.68"
"2025-04-12 04:03:44","Glazed Donut","Pastries",3,"148.75","446.25"
"2025-04-11 18:50:14","Chai Latte","Pastries",4,"100.50","402.00"
"2025-04-11 18:41:31","Mocha","Pastries",4,"61.74","246.96"
"2025-04-11 17:38:53","Almonds","Pastries",3,"5.59","16.77"
"2025-04-11 15:10:52","Iced Coffee","Beverages",2,"107.80","215.60"
"2025-04-11 14:46:49","Americano","Pastries",1,"80.96","80.96"
"2025-04-11 08:33:21","Cappuccino","Pastries",5,"76.25","381.25"
"2025-04-11 06:47:04","Iced Coffee","Beverages",5,"107.80","539.00"
"2025-04-11 05:37:30","Chocolate Chip Muffin","Pastries",2,"103.79","207.58"
"2025-04-11 04:12:27","Flat White","Pastries",5,"113.21","566.05"
"2025-04-10 23:22:11","Cappuccino","Pastries",3,"76.25","228.75"
"2025-04-10 20:49:14","Blueberry Muffin","Pastries",3,"185.15","555.45"
"2025-04-10 13:33:44","Iced Coffee","Beverages",5,"107.80","539.00"
"2025-04-10 11:51:37","Blueberry Muffin","Pastries",4,"185.15","740.60"
"2025-04-10 08:01:49","Espresso","Pastries",2,"195.76","391.52"
"2025-04-10 02:44:34","Mocha","Pastries",2,"61.74","123.48"
"2025-04-10 01:46:17","Cappuccino","Pastries",2,"76.25","152.50"
"2025-04-10 00:57:07","Almond Croissant","Pastries",3,"8.42","25.26"
"2025-04-09 15:00:10","Apple Turnover","Pastries",5,"154.54","772.70"
"2025-04-09 12:25:38","Apple Turnover","Pastries",4,"154.54","618.16"
"2025-04-09 12:21:38","Cappuccino","Pastries",1,"76.25","76.25"
"2025-04-09 12:14:06","Macchiato","Pastries",4,"93.97","375.88"
"2025-04-09 08:50:13","Baguette","Pastries",5,"133.77","668.85"
"2025-04-09 08:05:08","Chai Latte","Pastries",1,"100.50","100.50"
"2025-04-09 06:26:07","Espresso","Pastries",2,"195.76","391.52"
"2025-04-08 19:11:03","Blueberry Muffin","Pastries",2,"185.15","370.30"
"2025-04-08 18:01:47","Cappuccino","Pastries",5,"76.25","381.25"
"2025-04-08 14:14:38","Apple Turnover","Pastries",2,"154.54","309.08"
"2025-04-08 10:27:21","Mocha","Pastries",5,"61.74","308.70"
"2025-04-08 07:33:41","Apple Turnover","Pastries",2,"154.54","309.08"
"2025-04-08 06:47:10","Cappuccino","Pastries",4,"76.25","305.00"
"2025-04-08 05:28:48","Almonds","Pastries",3,"5.59","16.77"
"2025-04-08 03:30:37","Hot Chocolate","Pastries",3,"131.53","394.59"
"2025-04-08 02:17:28","Almonds","Pastries",3,"5.59","16.77"
"2025-04-07 18:38:28","Red Velvet Cake","Pastries",5,"187.25","936.25"
"2025-04-07 15:27:57","Iced Mocha","Pastries",1,"144.00","144.00"
"2025-04-07 15:02:28","Red Velvet Cake","Pastries",5,"187.25","936.25"
"2025-04-07 14:34:12","Eclair","Pastries",5,"146.12","730.60"
"2025-04-07 07:36:58","Glazed Donut","Pastries",2,"148.75","297.50"
"2025-04-07 03:02:12","Tiramisu","Pastries",1,"196.55","196.55"
"2025-04-07 02:30:56","Iced Mocha","Pastries",3,"144.00","432.00"
"2025-04-07 01:15:39","Espresso","Pastries",1,"195.76","195.76"
"2025-04-06 22:18:04","Chai Latte","Pastries",4,"100.50","402.00"
"2025-04-06 21:47:51","Chai Latte","Pastries",3,"100.50","301.50"
"2025-04-06 21:35:15","Hot Chocolate","Pastries",1,"131.53","131.53"
"2025-04-06 15:31:49","Americano","Pastries",2,"80.96","161.92"
"2025-04-06 14:14:08","Latte","Pastries",1,"108.74","108.74"
"2025-04-06 11:54:04","Red Velvet Cake","Pastries",4,"187.25","749.00"
"2025-04-06 11:42:46","Eclair","Pastries",3,"146.12","438.36"
"2025-04-06 04:23:48","Tiramisu","Pastries",3,"196.55","589.65"
"2025-04-06 03:41:30","Chai Latte","Pastries",4,"100.50","402.00"
"2025-04-06 03:30:53","Mocha","Pastries",2,"61.74","123.48"
"2025-04-06 01:27:51","Flat White","Pastries",2,"113.21","226.42"
"2025-04-06 00:33:19","Chai Latte","Pastries",2,"100.50","201.00"
"2025-04-05 17:31:43","Tiramisu","Pastries",4,"196.55","786.20"
"2025-04-05 14:06:22","Tea","Beverages",5,"106.18","530.90"
"2025-04-05 12:41:58","Latte","Pastries",3,"108.74","326.22"
"2025-04-05 10:45:32","Tea","Beverages",1,"106.18","106.18"
"2025-04-05 07:45:53","Almond Croissant","Pastries",1,"8.42","8.42"
"2025-04-05 07:41:55","Mocha","Pastries",5,"61.74","308.70"
"2025-04-05 07:05:36","Almond Croissant","Pastries",2,"8.42","16.84"
"2025-04-05 05:31:14","Apple Turnover","Pastries",2,"154.54","309.08"
"2025-04-05 01:39:47","Latte","Pastries",3,"108.74","326.22"
"2025-04-05 00:24:11","Eclair","Pastries",1,"146.12","146.12"
"2025-04-04 21:09:02","Baguette","Pastries",1,"133.77","133.77"
"2025-04-04 12:29:49","Cappuccino","Pastries",1,"76.25","76.25"
"2025-04-04 10:53:12","Cappuccino","Pastries",3,"76.25","228.75"
"2025-04-04 06:14:06","Flat White","Pastries",3,"113.21","339.63"
"2025-04-04 03:51:06","Mocha","Pastries",5,"61.74","308.70"
"2025-04-04 03:17:09","Blueberry Muffin","Pastries",1,"185.15","185.15"
"2025-04-04 00:17:07","Cappuccino","Pastries",3,"76.25","228.75"
"2025-04-03 21:10:42","Blueberry Muffin","Pastries",3,"185.15","555.45"
"2025-04-03 17:43:03","Chocolate Chip Muffin","Pastries",4,"103.79","415.16"
"2025-04-03 16:54:42","Espresso","Pastries",2,"195.76","391.52"
"2025-04-03 16:11:36","Tea","Beverages",4,"106.18","424.72"
"2025-04-03 06:41:45","Blueberry Muffin","Pastries",4,"185.15","740.60"
"2025-04-03 05:43:38","Hot Chocolate","Pastries",5,"131.53","657.65"
"2025-04-03 04:46:54","Americano","Pastries",2,"80.96","161.92"
"2025-04-03 01:16:32","Macchiato","Pastries",5,"93.97","469.85"
"2025-04-03 00:48:29","Hot Chocolate","Pastries",2,"131.53","263.06"
"2025-04-02 23:18:00","Iced Mocha","Pastries",1,"144.00","144.00"
"2025-04-02 22:04:01","Red Velvet Cake","Pastries",3,"187.25","561.75"
"2025-04-02 21:29:27","Americano","Pastries",3,"80.96","242.88"
"2025-04-02 15:34:05","Chocolate Chip Muffin","Pastries",2,"103.79","207.58"
"2025-04-02 15:25:40","Flat White","Pastries",1,"113.21","113.21"
"2025-04-02 13:18:01","Almonds","Pastries",3,"5.59","16.77"
"2025-04-02 11:56:42","Macchiato","Pastries",4,"93.97","375.88"
"2025-04-02 08:23:10","Macchiato","Pastries",1,"93.97","93.97"
"2025-04-02 06:30:07","Flat White","Pastries",3,"113.21","339.63"
"2025-04-01 23:56:19","Glazed Donut","Pastries",4,"148.75","595.00"
"2025-04-01 22:26:26","Hot Chocolate","Pastries",5,"131.53","657.65"
"2025-04-01 20:00:04","Eclair","Pastries",4,"146.12","584.48"
"2025-04-01 18:22:52","Tiramisu","Pastries",5,"196.55","982.75"
"2025-04-01 16:14:27","Chocolate Chip Muffin","Pastries",1,"103.79","103.79"
"2025-04-01 12:27:01","Almonds","Pastries",3,"5.59","16.77"
"2025-04-01 11:29:45","Latte","Pastries",2,"108.74","217.48"
"2025-04-01 10:01:21","Cappuccino","Pastries",1,"76.25","76.25"
"2025-04-01 05:51:01","Almonds","Pastries",2,"5.59","11.18"
"2025-04-01 05:33:38","Macchiato","Pastries",4,"93.97","375.88"
"2025-04-01 04:59:39","Baguette","Pastries",3,"133.77","401.31"
"2025-04-01 02:35:12","Flat White","Pastries",3,"113.21","339.63"
"2025-03-31 20:54:10","Iced Coffee","Beverages",1,"107.80","107.80"
"2025-03-31 18:58:47","Blueberry Muffin","Pastries",4,"185.15","740.60"
"2025-03-31 12:10:19","Almond Croissant","Pastries",1,"8.42","8.42"
"2025-03-31 12:05:00","Blueberry Muffin","Pastries",3,"185.15","555.45"
"2025-03-31 10:16:35","Almonds","Pastries",4,"5.59","22.36"
"2025-03-31 05:05:38","Apple Turnover","Pastries",3,"154.54","463.62"
"2025-03-31 01:36:33","Almond Croissant","Pastries",3,"8.42","25.26"
"2025-03-31 01:06:55","Mocha","Pastries",3,"61.74","185.22"
"2025-03-31 00:38:14","Iced Mocha","Pastries",5,"144.00","720.00"
"2025-03-31 00:26:02","Latte","Pastries",2,"108.74","217.48"
"2025-03-31 00:09:37","Glazed Donut","Pastries",2,"148.75","297.50"
"2025-03-30 23:43:40","Tiramisu","Pastries",3,"196.55","589.65"
"2025-03-30 21:34:54","Iced Coffee","Beverages",3,"107.80","323.40"
"2025-03-30 21:10:44","Red Velvet Cake","Pastries",2,"187.25","374.50"
"2025-03-30 21:06:09","Latte","Pastries",1,"108.74","108.74"
"2025-03-30 21:05:15","Almonds","Pastries",2,"5.59","11.18"
"2025-03-30 17:11:01","Almond Croissant","Pastries",2,"8.42","16.84"
"2025-03-30 17:07:46","Apple Turnover","Pastries",4,"154.54","618.16"
"2025-03-30 15:43:21","Blueberry Muffin","Pastries",2,"185.15","370.30"
"2025-03-30 15:31:20","Iced Coffee","Beverages",4,"107.80","431.20"
"2025-03-30 13:36:45","Red Velvet Cake","Pastries",3,"187.25","561.75"
"2025-03-30 10:38:48","Cappuccino","Pastries",3,"76.25","228.75"
"2025-03-30 09:32:01","Latte","Pastries",3,"108.74","326.22"
"2025-03-30 08:13:56","Blueberry Muffin","Pastries",5,"185.15","925.75"
"2025-03-30 05:17:32","Eclair","Pastries",2,"146.12","292.24"
"2025-03-30 04:17:46","Iced Coffee","Beverages",1,"107.80","107.80"
"2025-03-29 22:31:08","Red Velvet Cake","Pastries",3,"187.25","561.75"
"2025-03-29 17:10:06","Iced Coffee","Beverages",1,"107.80","107.80"
"2025-03-29 16:27:54","Chai Latte","Pastries",1,"100.50","100.50"
"2025-03-29 11:06:56","Americano","Pastries",3,"80.96","242.88"
"2025-03-29 06:40:22","Almond Croissant","Pastries",4,"8.42","33.68"
"2025-03-29 06:27:25","Glazed Donut","Pastries",4,"148.75","595.00"
"2025-03-29 06:13:02","Blueberry Muffin","Pastries",1,"185.15","185.15"
"2025-03-29 03:35:21","Cappuccino","Pastries",2,"76.25","152.50"
"2025-03-29 00:42:54","Latte","Pastries",5,"108.74","543.70"
"2025-03-29 00:05:41","Macchiato","Pastries",3,"93.97","281.91"
"2025-03-28 23:51:39","Iced Coffee","Beverages",2,"107.80","215.60"
"2025-03-28 19:39:10","Chai Latte","Pastries",3,"100.50","301.50"
"2025-03-28 18:17:10","Iced Mocha","Pastries",4,"144.00","576.00"
"2025-03-28 17:12:59","Chocolate Chip Muffin","Pastries",5,"103.79","518.95"
"2025-03-28 12:37:43","Glazed Donut","Pastries",5,"148.75","743.75"
"2025-03-28 10:41:37","Macchiato","Pastries",3,"93.97","281.91"
"2025-03-28 09:09:39","Iced Mocha","Pastries",5,"144.00","720.00"
"2025-03-28 08:58:35","Cappuccino","Pastries",4,"76.25","305.00"
"2025-03-27 23:51:59","Glazed Donut","Pastries",5,"148.75","743.75"
"2025-03-27 22:46:11","Baguette","Pastries",2,"133.77","267.54"
"2025-03-27 20:30:19","Hot Chocolate","Pastries",1,"131.53","131.53"
"2025-03-27 19:41:32","Iced Coffee","Beverages",3,"107.80","323.40"
"2025-03-27 19:17:57","Chocolate Chip Muffin","Pastries",4,"103.79","415.16"
"2025-03-27 12:42:27","Espresso","Pastries",2,"195.76","391.52"
"2025-03-27 10:51:10","Hot Chocolate","Pastries",3,"131.53","394.59"
"2025-03-27 07:57:35","Mocha","Pastries",2,"61.74","123.48"
"2025-03-27 07:42:18","Glazed Donut","Pastries",3,"148.75","446.25"
"2025-03-27 07:38:09","Cappuccino","Pastries",2,"76.25","152.50"
"2025-03-27 07:19:45","Tea","Beverages",5,"106.18","530.90"
"2025-03-27 03:48:35","Iced Mocha","Pastries",3,"144.00","432.00"
"2025-03-27 03:47:11","Almond Croissant","Pastries",5,"8.42","42.10"
"2025-03-27 01:04:36","Macchiato","Pastries",2,"93.97","187.94"
"2025-03-27 00:15:27","Chocolate Chip Muffin","Pastries",5,"103.79","518.95"
"2025-03-26 23:04:30","Hot Chocolate","Pastries",4,"131.53","526.12"
"2025-03-26 19:05:24","Red Velvet Cake","Pastries",3,"187.25","561.75"
"2025-03-26 18:22:52","Chai Latte","Pastries",5,"100.50","502.50"
"2025-03-26 13:03:07","Baguette","Pastries",4,"133.77","535.08"
"2025-03-25 17:49:44","Baguette","Pastries",3,"133.77","401.31"
"2025-03-25 17:23:00","Chocolate Chip Muffin","Pastries",4,"103.79","415.16"
"2025-03-25 11:21:38","Baguette","Pastries",3,"133.77","401.31"
"2025-03-25 07:53:35","Blueberry Muffin","Pastries",3,"185.15","555.45"
"2025-03-25 06:23:54","Latte","Pastries",2,"108.74","217.48"
"2025-03-25 01:48:53","Almonds","Pastries",2,"5.59","11.18"
"2025-03-25 01:19:43","Mocha","Pastries",3,"61.74","185.22"
"2025-03-24 23:13:45","Macchiato","Pastries",2,"93.97","187.94"
"2025-03-24 22:28:20","Iced Mocha","Pastries",5,"144.00","720.00"
"2025-03-24 19:10:05","Americano","Pastries",3,"80.96","242.88"
"2025-03-24 14:14:33","Eclair","Pastries",5,"146.12","730.60"
"2025-03-24 12:26:59","Red Velvet Cake","Pastries",3,"187.25","561.75"
"2025-03-24 05:05:08","Blueberry Muffin","Pastries",5,"185.15","925.75"
"2025-03-24 04:35:20","Apple Turnover","Pastries",4,"154.54","618.16"
"2025-03-24 03:26:26","Baguette","Pastries",1,"133.77","133.77"
"2025-03-23 21:08:27","Chai Latte","Pastries",5,"100.50","502.50"
"2025-03-23 14:04:40","Latte","Pastries",5,"108.74","543.70"
"2025-03-23 13:09:02","Espresso","Pastries",3,"195.76","587.28"
"2025-03-23 12:57:53","Red Velvet Cake","Pastries",2,"187.25","374.50"
"2025-03-23 10:02:50","Almonds","Pastries",3,"5.59","16.77"
"2025-03-23 06:39:53","Espresso","Pastries",1,"195.76","195.76"
"2025-03-23 04:07:30","Tea","Beverages",4,"106.18","424.72"
"2025-03-23 02:58:21","Apple Turnover","Pastries",2,"154.54","309.08"
"2025-03-22 19:13:47","Apple Turnover","Pastries",2,"154.54","309.08"
"2025-03-22 18:01:29","Chocolate Chip Muffin","Pastries",1,"103.79","103.79"
"2025-03-22 16:27:21","Macchiato","Pastries",1,"93.97","93.97"
"2025-03-22 12:25:44","Red Velvet Cake","Pastries",5,"187.25","936.25"
"2025-03-22 09:50:16","Almond Croissant","Pastries",5,"8.42","42.10"
"2025-03-22 09:40:20","Iced Mocha","Pastries",5,"144.00","720.00"
"2025-03-22 09:24:01","Tea","Beverages",1,"106.18","106.18"
"2025-03-22 07:34:45","Mocha","Pastries",4,"61.74","246.96"
"2025-03-22 05:21:20","Iced Mocha","Pastries",2,"144.00","288.00"
"2025-03-21 18:53:01","Macchiato","Pastries",5,"93.97","469.85"
"2025-03-21 17:57:00","Chai Latte","Pastries",1,"100.50","100.50"
"2025-03-21 15:43:16","Baguette","Pastries",5,"133.77","668.85"
"2025-03-21 14:05:45","Tea","Beverages",1,"106.18","106.18"
"2025-03-21 09:32:53","Almonds","Pastries",2,"5.59","11.18"
"2025-03-21 09:21:29","Eclair","Pastries",2,"146.12","292.24"
"2025-03-21 08:24:19","Blueberry Muffin","Pastries",2,"185.15","370.30"
"2025-03-21 07:24:03","Cappuccino","Pastries",5,"76.25","381.25"
"2025-03-21 05:56:24","Iced Mocha","Pastries",4,"144.00","576.00"
"2025-03-21 04:35:48","Hot Chocolate","Pastries",4,"131.53","526.12"
"2025-03-21 02:59:24","Baguette","Pastries",3,"133.77","401.31"
"2025-03-21 02:15:41","Baguette","Pastries",3,"133.77","401.31"
"2025-03-21 01:12:53","Tea","Beverages",1,"106.18","106.18"
"2025-03-20 22:54:59","Tiramisu","Pastries",3,"196.55","589.65"
"2025-03-20 21:21:38","Cappuccino","Pastries",2,"76.25","152.50"
"2025-03-20 20:51:19","Tiramisu","Pastries",3,"196.55","589.65"
"2025-03-20 17:11:52","Latte","Pastries",1,"108.74","108.74"
"2025-03-20 16:34:35","Eclair","Pastries",4,"146.12","584.48"
"2025-03-20 16:18:25","Chocolate Chip Muffin","Pastries",5,"103.79","518.95"
"2025-03-20 15:07:00","Iced Mocha","Pastries",4,"144.00","576.00"
"2025-03-20 14:43:57","Latte","Pastries",2,"108.74","217.48"
"2025-03-20 14:31:05","Cappuccino","Pastries",4,"76.25","305.00"
"2025-03-20 10:02:03","Iced Mocha","Pastries",1,"144.00","144.00"
"2025-03-20 07:14:08","Almonds","Pastries",1,"5.59","5.59"
"2025-03-19 22:30:02","Americano","Pastries",5,"80.96","404.80"
"2025-03-19 17:55:15","Blueberry Muffin","Pastries",4,"185.15","740.60"
"2025-03-19 15:56:31","Red Velvet Cake","Pastries",1,"187.25","187.25"
"2025-03-19 13:35:01","Chai Latte","Pastries",1,"100.50","100.50"
"2025-03-19 10:49:08","Flat White","Pastries",4,"113.21","452.84"
"2025-03-19 05:42:16","Eclair","Pastries",3,"146.12","438.36"
"2025-03-19 01:22:06","Cappuccino","Pastries",4,"76.25","305.00"
"2025-03-18 19:01:47","Chocolate Chip Muffin","Pastries",5,"103.79","518.95"
"2025-03-18 15:03:56","Almond Croissant","Pastries",1,"8.42","8.42"
"2025-03-18 14:20:18","Blueberry Muffin","Pastries",5,"185.15","925.75"
"2025-03-18 14:01:40","Apple Turnover","Pastries",5,"154.54","772.70"
"2025-03-18 13:45:23","Chai Latte","Pastries",4,"100.50","402.00"
"2025-03-18 11:35:36","Latte","Pastries",2,"108.74","217.48"
"2025-03-18 11:06:53","Blueberry Muffin","Pastries",5,"185.15","925.75"
"2025-03-18 04:29:17","Iced Coffee","Beverages",2,"107.80","215.60"
"2025-03-17 22:19:31","Blueberry Muffin","Pastries",2,"185.15","370.30"
"2025-03-17 18:19:42","Americano","Pastries",3,"80.96","242.88"
"2025-03-17 17:02:43","Iced Coffee","Beverages",2,"107.80","215.60"
"2025-03-17 16:28:46","Latte","Pastries",4,"108.74","434.96"
"2025-03-17 14:24:25","Espresso","Pastries",3,"195.76","587.28"
"2025-03-17 12:53:07","Macchiato","Pastries",3,"93.97","281.91"
"2025-03-17 12:34:58","Latte","Pastries",2,"108.74","217.48"
"2025-03-17 11:10:27","Iced Mocha","Pastries",3,"144.00","432.00"
"2025-03-17 11:08:52","Almonds","Pastries",4,"5.59","22.36"
"2025-03-17 09:11:11","Apple Turnover","Pastries",1,"154.54","154.54"
"2025-03-17 07:50:21","Almond Croissant","Pastries",1,"8.42","8.42"
"2025-03-17 04:02:41","Almond Croissant","Pastries",5,"8.42","42.10"
"2025-03-17 01:20:39","Baguette","Pastries",4,"133.77","535.08"
"2025-03-17 00:16:18","Espresso","Pastries",4,"195.76","783.04"
"2025-03-16 22:14:17","Cappuccino","Pastries",5,"76.25","381.25"
"2025-03-16 18:55:59","Espresso","Pastries",1,"195.76","195.76"
"2025-03-16 16:56:58","Hot Chocolate","Pastries",2,"131.53","263.06"
"2025-03-16 16:03:51","Flat White","Pastries",1,"113.21","113.21"
"2025-03-16 15:03:25","Apple Turnover","Pastries",5,"154.54","772.70"
"2025-03-16 13:04:06","Hot Chocolate","Pastries",4,"131.53","526.12"
"2025-03-16 11:55:19","Glazed Donut","Pastries",4,"148.75","595.00"
"2025-03-15 19:29:55","Espresso","Pastries",4,"195.76","783.04"
"2025-03-15 18:33:59","Glazed Donut","Pastries",5,"148.75","743.75"
"2025-03-15 17:55:43","Blueberry Muffin","Pastries",3,"185.15","555.45"
"2025-03-15 17:05:58","Hot Chocolate","Pastries",4,"131.53","526.12"
"2025-03-15 11:11:33","Chocolate Chip Muffin","Pastries",1,"103.79","103.79"
"2025-03-15 10:38:59","Chai Latte","Pastries",2,"100.50","201.00"
"2025-03-15 05:56:41","Glazed Donut","Pastries",4,"148.75","595.00"
"2025-03-15 03:38:38","Chai Latte","Pastries",3,"100.50","301.50"
"2025-03-15 02:57:32","Espresso","Pastries",1,"195.76","195.76"
"2025-03-15 02:29:35","Mocha","Pastries",1,"61.74","61.74"
"2025-03-15 01:53:01","Chocolate Chip Muffin","Pastries",1,"103.79","103.79"
"2025-03-14 21:13:16","Mocha","Pastries",2,"61.74","123.48"
"2025-03-14 21:03:13","Chai Latte","Pastries",5,"100.50","502.50"
"2025-03-14 15:45:29","Tea","Beverages",3,"106.18","318.54"
"2025-03-14 11:54:42","Blueberry Muffin","Pastries",3,"185.15","555.45"
"2025-03-14 09:07:35","Espresso","Pastries",1,"195.76","195.76"
"2025-03-13 22:21:04","Iced Mocha","Pastries",5,"144.00","720.00"
"2025-03-13 22:03:16","Eclair","Pastries",2,"146.12","292.24"
"2025-03-13 21:49:12","Glazed Donut","Pastries",1,"148.75","148.75"
"2025-03-13 21:38:57","Chai Latte","Pastries",1,"100.50","100.50"
"2025-03-13 21:26:04","Espresso","Pastries",2,"195.76","391.52"
"2025-03-13 19:54:34","Almonds","Pastries",4,"5.59","22.36"
"2025-03-13 19:36:53","Espresso","Pastries",3,"195.76","587.28"
"2025-03-13 19:29:00","Tiramisu","Pastries",2,"196.55","393.10"
"2025-03-13 18:29:15","Flat White","Pastries",2,"113.21","226.42"
"2025-03-13 10:47:50","Blueberry Muffin","Pastries",2,"185.15","370.30"
"2025-03-13 08:58:44","Tea","Beverages",2,"106.18","212.36"
"2025-03-13 08:54:11","Glazed Donut","Pastries",3,"148.75","446.25"
"2025-03-13 04:19:52","Latte","Pastries",1,"108.74","108.74"
"2025-03-13 01:49:31","Tiramisu","Pastries",1,"196.55","196.55"
"2025-03-13 00:34:14","Cappuccino","Pastries",4,"76.25","305.00"
"2025-03-12 22:28:17","Tiramisu","Pastries",5,"196.55","982.75"
"2025-03-12 20:31:37","Chocolate Chip Muffin","Pastries",4,"103.79","415.16"
"2025-03-12 17:57:15","Iced Coffee","Beverages",3,"107.80","323.40"
"2025-03-12 14:31:55","Eclair","Pastries",5,"146.12","730.60"
"2025-03-12 12:00:51","Tiramisu","Pastries",1,"196.55","196.55"
"2025-03-12 07:36:45","Macchiato","Pastries",5,"93.97","469.85"
"2025-03-12 05:08:35","Glazed Donut","Pastries",4,"148.75","595.00"
"2025-03-12 02:37:15","Almond Croissant","Pastries",2,"8.42","16.84"
"2025-03-11 21:11:42","Almonds","Pastries",3,"5.59","16.77"
"2025-03-11 20:20:58","Baguette","Pastries",3,"133.77","401.31"
"2025-03-11 17:01:23","Red Velvet Cake","Pastries",2,"187.25","374.50"
"2025-03-11 13:48:47","Latte","Pastries",1,"108.74","108.74"
"2025-03-11 13:11:35","Almonds","Pastries",1,"5.59","5.59"
"2025-03-11 01:05:05","Americano","Pastries",5,"80.96","404.80"
"2025-03-10 22:43:31","Blueberry Muffin","Pastries",2,"185.15","370.30"
"2025-03-10 21:09:50","Flat White","Pastries",4,"113.21","452.84"
"2025-03-10 18:40:40","Blueberry Muffin","Pastries",5,"185.15","925.75"
"2025-03-10 13:21:42","Mocha","Pastries",5,"61.74","308.70"
"2025-03-10 11:52:27","Americano","Pastries",5,"80.96","404.80"
"2025-03-10 10:42:32","Apple Turnover","Pastries",3,"154.54","463.62"
"2025-03-10 08:14:54","Baguette","Pastries",5,"133.77","668.85"
"2025-03-10 07:20:00","Iced Coffee","Beverages",4,"107.80","431.20"
"2025-03-10 01:29:49","Cappuccino","Pastries",3,"76.25","228.75"
"2025-03-09 20:37:35","Almonds","Pastries",3,"5.59","16.77"
"2025-03-09 17:58:57","Baguette","Pastries",3,"133.77","401.31"
"2025-03-09 16:11:05","Latte","Pastries",1,"108.74","108.74"
"2025-03-09 15:09:52","Iced Mocha","Pastries",1,"144.00","144.00"
"2025-03-09 15:00:42","Chocolate Chip Muffin","Pastries",5,"103.79","518.95"
"2025-03-09 14:32:00","Americano","Pastries",3,"80.96","242.88"
"2025-03-09 12:40:05","Tiramisu","Pastries",3,"196.55","589.65"
"2025-03-09 09:50:15","Mocha","Pastries",3,"61.74","185.22"
"2025-03-09 05:24:39","Latte","Pastries",1,"108.74","108.74"
"2025-03-09 04:03:10","Iced Mocha","Pastries",1,"144.00","144.00"
"2025-03-09 00:27:37","Red Velvet Cake","Pastries",4,"187.25","749.00"
"2025-03-09 00:01:08","Iced Mocha","Pastries",5,"144.00","720.00"
"2025-03-08 18:40:37","Flat White","Pastries",2,"113.21","226.42"
"2025-03-08 17:20:34","Almonds","Pastries",1,"5.59","5.59"
"2025-03-08 17:02:22","Latte","Pastries",4,"108.74","434.96"
"2025-03-08 16:47:58","Red Velvet Cake","Pastries",1,"187.25","187.25"
"2025-03-08 15:56:59","Macchiato","Pastries",4,"93.97","375.88"
"2025-03-08 14:49:14","Americano","Pastries",1,"80.96","80.96"
"2025-03-08 14:36:37","Espresso","Pastries",1,"195.76","195.76"
"2025-03-08 14:13:13","Mocha","Pastries",2,"61.74","123.48"
"2025-03-08 13:11:51","Blueberry Muffin","Pastries",3,"185.15","555.45"
"2025-03-08 13:00:50","Baguette","Pastries",2,"133.77","267.54"
"2025-03-08 11:13:24","Chai Latte","Pastries",2,"100.50","201.00"
"2025-03-08 07:34:57","Blueberry Muffin","Pastries",5,"185.15","925.75"
"2025-03-08 06:37:58","Chai Latte","Pastries",3,"100.50","301.50"
"2025-03-07 23:32:17","Baguette","Pastries",2,"133.77","267.54"
"2025-03-07 23:16:34","Chocolate Chip Muffin","Pastries",3,"103.79","311.37"
"2025-03-07 18:55:26","Apple Turnover","Pastries",5,"154.54","772.70"
"2025-03-07 18:20:13","Chocolate Chip Muffin","Pastries",1,"103.79","103.79"
"2025-03-07 14:15:29","Iced Coffee","Beverages",3,"107.80","323.40"
"2025-03-07 11:27:30","Cappuccino","Pastries",1,"76.25","76.25"
"2025-03-07 11:22:05","Iced Mocha","Pastries",3,"144.00","432.00"
"2025-03-07 07:59:31","Chocolate Chip Muffin","Pastries",1,"103.79","103.79"
"2025-03-07 06:39:27","Eclair","Pastries",4,"146.12","584.48"
"2025-03-07 05:00:24","Blueberry Muffin","Pastries",2,"185.15","370.30"
"2025-03-07 04:05:28","Espresso","Pastries",3,"195.76","587.28"
"2025-03-07 04:03:43","Almond Croissant","Pastries",3,"8.42","25.26"
"2025-03-07 03:01:53","Blueberry Muffin","Pastries",2,"185.15","370.30"
"2025-03-07 02:43:21","Macchiato","Pastries",2,"93.97","187.94"
"2025-03-07 02:21:36","Almond Croissant","Pastries",4,"8.42","33.68"
"2025-03-06 21:24:52","Eclair","Pastries",2,"146.12","292.24"
"2025-03-06 15:14:45","Chocolate Chip Muffin","Pastries",5,"103.79","518.95"
"2025-03-06 13:20:11","Eclair","Pastries",2,"146.12","292.24"
"2025-03-06 13:15:06","Almonds","Pastries",2,"5.59","11.18"
"2025-03-06 12:37:34","Baguette","Pastries",3,"133.77","401.31"
"2025-03-06 03:54:54","Chocolate Chip Muffin","Pastries",5,"103.79","518.95"
"2025-03-06 03:38:39","Macchiato","Pastries",4,"93.97","375.88"
"2025-03-05 16:46:16","Chocolate Chip Muffin","Pastries",3,"103.79","311.37"
"2025-03-05 16:44:50","Blueberry Muffin","Pastries",3,"185.15","555.45"
"2025-03-05 10:07:12","Americano","Pastries",4,"80.96","323.84"
"2025-03-05 07:13:28","Macchiato","Pastries",3,"93.97","281.91"
"2025-03-05 06:39:28","Eclair","Pastries",5,"146.12","730.60"
"2025-03-05 05:32:22","Iced Mocha","Pastries",5,"144.00","720.00"
"2025-03-05 04:32:47","Apple Turnover","Pastries",2,"154.54","309.08"
"2025-03-05 04:16:13","Cappuccino","Pastries",1,"76.25","76.25"
"2025-03-05 02:20:42","Glazed Donut","Pastries",4,"148.75","595.00"
"2025-03-04 17:32:05","Baguette","Pastries",1,"133.77","133.77"
"2025-03-04 07:52:19","Americano","Pastries",5,"80.96","404.80"
"2025-03-04 02:50:16","Blueberry Muffin","Pastries",4,"185.15","740.60"
"2025-03-04 02:45:47","Blueberry Muffin","Pastries",1,"185.15","185.15"
"2025-03-03 23:54:22","Latte","Pastries",1,"108.74","108.74"
"2025-03-03 13:53:44","Americano","Pastries",1,"80.96","80.96"
"2025-03-03 13:50:28","Almond Croissant","Pastries",4,"8.42","33.68"
"2025-03-03 12:18:51","Glazed Donut","Pastries",2,"148.75","297.50"
"2025-03-03 09:58:07","Latte","Pastries",3,"108.74","326.22"
"2025-03-03 03:38:27","Macchiato","Pastries",4,"93.97","375.88"
"2025-03-03 01:27:42","Espresso","Pastries",3,"195.76","587.28"
"2025-03-02 23:19:58","Iced Coffee","Beverages",4,"107.80","431.20"
"2025-03-02 22:44:27","Glazed Donut","Pastries",3,"148.75","446.25"
"2025-03-02 19:13:50","Latte","Pastries",3,"108.74","326.22"
"2025-03-02 17:25:37","Chai Latte","Pastries",4,"100.50","402.00"
"2025-03-02 15:42:28","Mocha","Pastries",3,"61.74","185.22"
"2025-03-02 15:30:36","Red Velvet Cake","Pastries",3,"187.25","561.75"
"2025-03-02 11:35:26","Apple Turnover","Pastries",1,"154.54","154.54"
"2025-03-02 09:11:30","Tea","Beverages",5,"106.18","530.90"
"2025-03-02 07:28:32","Chai Latte","Pastries",4,"100.50","402.00"
"2025-03-02 06:25:15","Blueberry Muffin","Pastries",3,"185.15","555.45"
"2025-03-02 06:22:37","Apple Turnover","Pastries",2,"154.54","309.08"
"2025-03-02 02:44:35","Chocolate Chip Muffin","Pastries",5,"103.79","518.95"
"2025-03-02 00:26:20","Cappuccino","Pastries",4,"76.25","305.00"
"2025-03-01 23:53:53","Cappuccino","Pastries",2,"76.25","152.50"
"2025-03-01 22:11:53","Eclair","Pastries",4,"146.12","584.48"
"2025-03-01 22:02:36","Red Velvet Cake","Pastries",3,"187.25","561.75"
"2025-03-01 21:42:44","Chai Latte","Pastries",1,"100.50","100.50"
"2025-03-01 15:15:21","Mocha","Pastries",5,"61.74","308.70"
"2025-03-01 14:17:16","Apple Turnover","Pastries",3,"154.54","463.62"
"2025-03-01 09:35:50","Iced Coffee","Beverages",5,"107.80","539.00"
"2025-03-01 04:13:01","Flat White","Pastries",3,"113.21","339.63"
"2025-02-28 23:56:42","Almond Croissant","Pastries",3,"8.42","25.26"
"2025-02-28 18:30:28","Tea","Beverages",5,"106.18","530.90"
"2025-02-28 16:48:53","Hot Chocolate","Pastries",2,"131.53","263.06"
"2025-02-28 15:00:09","Americano","Pastries",2,"80.96","161.92"
"2025-02-28 14:03:32","Tiramisu","Pastries",5,"196.55","982.75"
"2025-02-28 12:46:11","Blueberry Muffin","Pastries",1,"185.15","185.15"
"2025-02-28 11:24:33","Almonds","Pastries",1,"5.59","5.59"
"2025-02-28 06:37:51","Espresso","Pastries",4,"195.76","783.04"
"2025-02-28 06:31:48","Macchiato","Pastries",5,"93.97","469.85"
"2025-02-28 01:31:29","Macchiato","Pastries",1,"93.97","93.97"
"2025-02-28 00:53:54","Almond Croissant","Pastries",2,"8.42","16.84"
"2025-02-28 00:33:34","Chai Latte","Pastries",5,"100.50","502.50"
"2025-02-28 00:16:22","Glazed Donut","Pastries",2,"148.75","297.50"
"2025-02-27 22:53:28","Apple Turnover","Pastries",4,"154.54","618.16"
"2025-02-27 17:49:45","Almonds","Pastries",2,"5.59","11.18"
"2025-02-27 16:41:54","Red Velvet Cake","Pastries",1,"187.25","187.25"
"2025-02-27 10:12:33","Iced Coffee","Beverages",1,"107.80","107.80"
"2025-02-27 09:37:22","Iced Coffee","Beverages",5,"107.80","539.00"
"2025-02-27 07:07:39","Iced Coffee","Beverages",5,"107.80","539.00"
"2025-02-27 06:12:07","Iced Mocha","Pastries",2,"144.00","288.00"
"2025-02-27 02:16:37","Mocha","Pastries",4,"61.74","246.96"
"2025-02-26 16:55:28","Tea","Beverages",4,"106.18","424.72"
"2025-02-26 15:01:42","Chai Latte","Pastries",4,"100.50","402.00"
"2025-02-26 09:22:43","Macchiato","Pastries",1,"93.97","93.97"
"2025-02-26 05:22:06","Iced Coffee","Beverages",5,"107.80","539.00"
"2025-02-26 02:58:13","Red Velvet Cake","Pastries",3,"187.25","561.75"
"2025-02-26 00:43:13","Glazed Donut","Pastries",2,"148.75","297.50"
"2025-02-25 23:47:56","Blueberry Muffin","Pastries",1,"185.15","185.15"
"2025-02-25 22:39:00","Tea","Beverages",2,"106.18","212.36"
"2025-02-25 18:01:28","Almonds","Pastries",3,"5.59","16.77"
"2025-02-25 15:31:34","Blueberry Muffin","Pastries",2,"185.15","370.30"
"2025-02-25 12:39:06","Espresso","Pastries",1,"195.76","195.76"
"2025-02-25 11:14:26","Flat White","Pastries",4,"113.21","452.84"
"2025-02-25 08:24:14","Chocolate Chip Muffin","Pastries",1,"103.79","103.79"
"2025-02-25 00:47:37","Almond Croissant","Pastries",5,"8.42","42.10"
"2025-02-24 23:57:22","Baguette","Pastries",5,"133.77","668.85"
"2025-02-24 21:09:38","Eclair","Pastries",3,"146.12","438.36"
"2025-02-24 20:15:48","Apple Turnover","Pastries",1,"154.54","154.54"
"2025-02-24 16:09:20","Chai Latte","Pastries",1,"100.50","100.50"
"2025-02-24 15:28:39","Iced Mocha","Pastries",5,"144.00","720.00"
"2025-02-24 15:24:27","Mocha","Pastries",4,"61.74","246.96"
"2025-02-24 08:38:31","Almond Croissant","Pastries",5,"8.42","42.10"
"2025-02-24 04:35:10","Tea","Beverages",3,"106.18","318.54"
"2025-02-24 03:55:17","Americano","Pastries",1,"80.96","80.96"
"2025-02-24 01:43:39","Apple Turnover","Pastries",2,"154.54","309.08"
"2025-02-24 00:55:55","Apple Turnover","Pastries",5,"154.54","772.70"
"2025-02-24 00:51:07","Macchiato","Pastries",2,"93.97","187.94"
"2025-02-24 00:44:51","Red Velvet Cake","Pastries",4,"187.25","749.00"
"2025-02-23 23:04:07","Mocha","Pastries",4,"61.74","246.96"
"2025-02-23 21:30:25","Tiramisu","Pastries",4,"196.55","786.20"
"2025-02-23 21:08:23","Iced Coffee","Beverages",4,"107.80","431.20"
"2025-02-23 18:53:04","Glazed Donut","Pastries",2,"148.75","297.50"
"2025-02-23 18:17:30","Latte","Pastries",3,"108.74","326.22"
"2025-02-23 14:56:37","Almonds","Pastries",3,"5.59","16.77"
"2025-02-23 13:58:22","Macchiato","Pastries",3,"93.97","281.91"
"2025-02-23 13:04:57","Glazed Donut","Pastries",4,"148.75","595.00"
"2025-02-23 08:20:54","Eclair","Pastries",5,"146.12","730.60"
"2025-02-23 06:48:41","Glazed Donut","Pastries",5,"148.75","743.75"
"2025-02-23 05:16:14","Flat White","Pastries",1,"113.21","113.21"
"2025-02-23 04:46:43","Macchiato","Pastries",2,"93.97","187.94"
"2025-02-23 04:10:28","Tiramisu","Pastries",3,"196.55","589.65"
"2025-02-23 00:24:08","Tea","Beverages",5,"106.18","530.90"
"2025-02-22 18:50:19","Tea","Beverages",2,"106.18","212.36"
"2025-02-22 15:15:08","Tiramisu","Pastries",4,"196.55","786.20"
"2025-02-22 13:27:07","Almond Croissant","Pastries",5,"8.42","42.10"
"2025-02-22 07:16:41","Chocolate Chip Muffin","Pastries",2,"103.79","207.58"
"2025-02-22 03:07:22","Espresso","Pastries",4,"195.76","783.04"
"2025-02-22 01:44:17","Hot Chocolate","Pastries",5,"131.53","657.65"
"2025-02-21 19:38:08","Chai Latte","Pastries",5,"100.50","502.50"
"2025-02-21 19:30:49","Glazed Donut","Pastries",1,"148.75","148.75"
"2025-02-21 12:17:28","Tea","Beverages",1,"106.18","106.18"
"2025-02-21 11:47:23","Americano","Pastries",2,"80.96","161.92"
"2025-02-21 09:23:09","Iced Mocha","Pastries",1,"144.00","144.00"
"2025-02-21 07:05:38","Eclair","Pastries",4,"146.12","584.48"
"2025-02-21 02:53:12","Blueberry Muffin","Pastries",1,"185.15","185.15"
"2025-02-20 20:11:17","Hot Chocolate","Pastries",1,"131.53","131.53"
"2025-02-20 18:57:23","Blueberry Muffin","Pastries",1,"185.15","185.15"
"2025-02-20 11:51:43","Chai Latte","Pastries",3,"100.50","301.50"
"2025-02-20 11:39:07","Cappuccino","Pastries",2,"76.25","152.50"
"2025-02-20 10:22:45","Americano","Pastries",1,"80.96","80.96"
"2025-02-20 09:33:05","Eclair","Pastries",4,"146.12","584.48"
"2025-02-20 06:16:20","Almonds","Pastries",1,"5.59","5.59"
"2025-02-19 22:58:31","Glazed Donut","Pastries",5,"148.75","743.75"
"2025-02-19 17:45:50","Eclair","Pastries",5,"146.12","730.60"
"2025-02-19 12:46:33","Red Velvet Cake","Pastries",4,"187.25","749.00"
"2025-02-19 09:18:01","Cappuccino","Pastries",1,"76.25","76.25"
"2025-02-19 06:33:24","Hot Chocolate","Pastries",2,"131.53","263.06"
"2025-02-19 05:58:01","Tiramisu","Pastries",2,"196.55","393.10"
"2025-02-19 03:53:15","Chai Latte","Pastries",2,"100.50","201.00"
"2025-02-19 03:42:02","Red Velvet Cake","Pastries",2,"187.25","374.50"
"2025-02-18 20:59:36","Espresso","Pastries",4,"195.76","783.04"
"2025-02-18 15:45:13","Tiramisu","Pastries",4,"196.55","786.20"
"2025-02-18 15:00:56","Latte","Pastries",4,"108.74","434.96"
"2025-02-18 14:31:08","Mocha","Pastries",4,"61.74","246.96"
"2025-02-18 14:04:44","Flat White","Pastries",1,"113.21","113.21"
"2025-02-18 12:00:35","Cappuccino","Pastries",1,"76.25","76.25"
"2025-02-18 08:17:32","Red Velvet Cake","Pastries",1,"187.25","187.25"
"2025-02-18 07:23:31","Blueberry Muffin","Pastries",4,"185.15","740.60"
"2025-02-18 02:40:54","Tea","Beverages",5,"106.18","530.90"
"2025-02-18 02:39:51","Baguette","Pastries",1,"133.77","133.77"
"2025-02-18 02:08:16","Cappuccino","Pastries",2,"76.25","152.50"
"2025-02-17 23:51:57","Mocha","Pastries",3,"61.74","185.22"
"2025-02-17 22:45:11","Hot Chocolate","Pastries",5,"131.53","657.65"
"2025-02-17 22:03:39","Latte","Pastries",2,"108.74","217.48"
"2025-02-17 21:09:59","Apple Turnover","Pastries",2,"154.54","309.08"
"2025-02-17 20:45:42","Almonds","Pastries",3,"5.59","16.77"
"2025-02-17 17:02:22","Apple Turnover","Pastries",3,"154.54","463.62"
"2025-02-17 16:28:18","Iced Mocha","Pastries",5,"144.00","720.00"
"2025-02-17 15:54:18","Glazed Donut","Pastries",1,"148.75","148.75"
"2025-02-17 11:57:31","Latte","Pastries",2,"108.74","217.48"
"2025-02-17 11:22:59","Red Velvet Cake","Pastries",4,"187.25","749.00"
"2025-02-17 10:19:07","Latte","Pastries",2,"108.74","217.48"
"2025-02-17 10:12:54","Glazed Donut","Pastries",5,"148.75","743.75"
"2025-02-17 09:45:08","Macchiato","Pastries",4,"93.97","375.88"
"2025-02-17 07:55:06","Chocolate Chip Muffin","Pastries",1,"103.79","103.79"
"2025-02-17 07:04:12","Iced Coffee","Beverages",3,"107.80","323.40"
"2025-02-17 04:25:23","Macchiato","Pastries",4,"93.97","375.88"
"2025-02-16 22:50:54","Blueberry Muffin","Pastries",1,"185.15","185.15"
"2025-02-16 20:30:15","Latte","Pastries",3,"108.74","326.22"
"2025-02-16 17:57:27","Chocolate Chip Muffin","Pastries",2,"103.79","207.58"
"2025-02-16 17:37:16","Latte","Pastries",3,"108.74","326.22"
"2025-02-16 16:58:42","Chai Latte","Pastries",1,"100.50","100.50"
"2025-02-16 14:02:10","Chai Latte","Pastries",2,"100.50","201.00"
"2025-02-16 12:25:15","Almond Croissant","Pastries",3,"8.42","25.26"
"2025-02-16 11:39:18","Macchiato","Pastries",2,"93.97","187.94"
"2025-02-15 21:45:14","Hot Chocolate","Pastries",2,"131.53","263.06"
"2025-02-15 20:10:47","Tiramisu","Pastries",3,"196.55","589.65"
"2025-02-15 16:05:15","Eclair","Pastries",1,"146.12","146.12"
"2025-02-15 14:28:17","Hot Chocolate","Pastries",3,"131.53","394.59"
"2025-02-15 07:37:45","Blueberry Muffin","Pastries",3,"185.15","555.45"
"2025-02-15 05:38:10","Tea","Beverages",4,"106.18","424.72"
"2025-02-15 04:41:12","Espresso","Pastries",5,"195.76","978.80"
"2025-02-15 00:48:30","Flat White","Pastries",1,"113.21","113.21"
"2025-02-14 23:03:42","Cappuccino","Pastries",5,"76.25","381.25"
"2025-02-14 20:56:54","Almond Croissant","Pastries",5,"8.42","42.10"
"2025-02-14 19:53:55","Mocha","Pastries",3,"61.74","185.22"
"2025-02-14 17:22:21","Espresso","Pastries",4,"195.76","783.04"
"2025-02-14 16:42:10","Baguette","Pastries",3,"133.77","401.31"
"2025-02-14 05:31:59","Tea","Beverages",3,"106.18","318.54"
"2025-02-14 05:25:19","Glazed Donut","Pastries",4,"148.75","595.00"
"2025-02-14 04:55:00","Red Velvet Cake","Pastries",3,"187.25","561.75"
"2025-02-13 11:22:40","Red Velvet Cake","Pastries",3,"187.25","561.75"
"2025-02-13 11:21:27","Iced Coffee","Beverages",2,"107.80","215.60"
"2025-02-13 04:25:49","Macchiato","Pastries",5,"93.97","469.85"
"2025-02-13 01:35:06","Latte","Pastries",4,"108.74","434.96"
"2025-02-13 00:38:49","Glazed Donut","Pastries",2,"148.75","297.50"
"2025-02-13 00:20:34","Eclair","Pastries",4,"146.12","584.48"
"2025-02-12 22:57:17","Chai Latte","Pastries",3,"100.50","301.50"
"2025-02-12 21:18:47","Iced Coffee","Beverages",4,"107.80","431.20"
"2025-02-12 17:00:18","Espresso","Pastries",3,"195.76","587.28"
"2025-02-12 09:58:35","Macchiato","Pastries",5,"93.97","469.85"
"2025-02-12 09:44:03","Blueberry Muffin","Pastries",4,"185.15","740.60"
"2025-02-12 06:43:15","Hot Chocolate","Pastries",4,"131.53","526.12"
"2025-02-12 04:24:05","Flat White","Pastries",5,"113.21","566.05"
"2025-02-12 00:16:14","Baguette","Pastries",5,"133.77","668.85"
"2025-02-11 21:54:17","Hot Chocolate","Pastries",5,"131.53","657.65"
"2025-02-11 21:50:13","Apple Turnover","Pastries",2,"154.54","309.08"
"2025-02-11 21:39:11","Mocha","Pastries",3,"61.74","185.22"
"2025-02-11 19:59:44","Hot Chocolate","Pastries",2,"131.53","263.06"
"2025-02-11 15:28:47","Glazed Donut","Pastries",3,"148.75","446.25"
"2025-02-11 12:01:15","Espresso","Pastries",2,"195.76","391.52"
"2025-02-11 10:33:33","Tiramisu","Pastries",1,"196.55","196.55"
"2025-02-11 06:41:50","Flat White","Pastries",1,"113.21","113.21"
"2025-02-11 06:08:42","Red Velvet Cake","Pastries",4,"187.25","749.00"
"2025-02-11 01:25:44","Cappuccino","Pastries",1,"76.25","76.25"
"2025-02-11 00:33:25","Iced Coffee","Beverages",2,"107.80","215.60"
"2025-02-10 22:41:18","Hot Chocolate","Pastries",5,"131.53","657.65"
"2025-02-10 19:02:01","Baguette","Pastries",3,"133.77","401.31"
"2025-02-10 17:48:16","Latte","Pastries",4,"108.74","434.96"
"2025-02-10 14:04:01","Eclair","Pastries",3,"146.12","438.36"
"2025-02-10 13:12:57","Macchiato","Pastries",2,"93.97","187.94"
"2025-02-10 08:33:43","Macchiato","Pastries",5,"93.97","469.85"
"2025-02-10 07:19:47","Chocolate Chip Muffin","Pastries",1,"103.79","103.79"
"2025-02-10 07:15:20","Macchiato","Pastries",2,"93.97","187.94"
"2025-02-10 04:10:16","Flat White","Pastries",3,"113.21","339.63"
"2025-02-10 02:49:22","Almond Croissant","Pastries",1,"8.42","8.42"
"2025-02-10 01:46:34","Iced Coffee","Beverages",1,"107.80","107.80"
"2025-02-09 21:47:42","Mocha","Pastries",3,"61.74","185.22"
"2025-02-09 20:01:48","Almond Croissant","Pastries",5,"8.42","42.10"
"2025-02-09 17:57:36","Almonds","Pastries",5,"5.59","27.95"
"2025-02-09 11:15:24","Cappuccino","Pastries",5,"76.25","381.25"
"2025-02-09 11:07:38","Red Velvet Cake","Pastries",2,"187.25","374.50"
"2025-02-09 10:47:25","Red Velvet Cake","Pastries",3,"187.25","561.75"
"2025-02-09 10:41:37","Baguette","Pastries",3,"133.77","401.31"
"2025-02-09 03:59:31","Red Velvet Cake","Pastries",3,"187.25","561.75"
"2025-02-09 03:48:29","Blueberry Muffin","Pastries",2,"185.15","370.30"
"2025-02-09 03:09:19","Cappuccino","Pastries",5,"76.25","381.25"
"2025-02-09 02:01:58","Macchiato","Pastries",2,"93.97","187.94"
"2025-02-08 23:40:50","Mocha","Pastries",3,"61.74","185.22"
"2025-02-08 20:20:27","Cappuccino","Pastries",5,"76.25","381.25"
"2025-02-08 20:02:03","Latte","Pastries",4,"108.74","434.96"
"2025-02-08 17:05:50","Americano","Pastries",4,"80.96","323.84"
"2025-02-08 12:04:59","Hot Chocolate","Pastries",3,"131.53","394.59"
"2025-02-08 10:52:49","Flat White","Pastries",4,"113.21","452.84"
"2025-02-08 09:09:52","Glazed Donut","Pastries",4,"148.75","595.00"
"2025-02-08 07:14:50","Flat White","Pastries",1,"113.21","113.21"
"2025-02-08 06:29:20","Chai Latte","Pastries",2,"100.50","201.00"
"2025-02-08 05:13:49","Baguette","Pastries",1,"133.77","133.77"
"2025-02-08 04:51:59","Americano","Pastries",4,"80.96","323.84"
"2025-02-08 01:47:34","Mocha","Pastries",2,"61.74","123.48"
"2025-02-07 21:26:49","Latte","Pastries",2,"108.74","217.48"
"2025-02-07 20:59:41","Macchiato","Pastries",1,"93.97","93.97"
"2025-02-07 14:07:27","Iced Coffee","Beverages",1,"107.80","107.80"
"2025-02-07 13:03:33","Almonds","Pastries",4,"5.59","22.36"
"2025-02-07 10:10:08","Americano","Pastries",1,"80.96","80.96"
"2025-02-07 08:28:58","Tea","Beverages",4,"106.18","424.72"
"2025-02-07 08:15:58","Cappuccino","Pastries",3,"76.25","228.75"
"2025-02-07 02:11:57","Flat White","Pastries",2,"113.21","226.42"
"2025-02-07 01:42:24","Almonds","Pastries",4,"5.59","22.36"
"2025-02-06 21:46:39","Iced Coffee","Beverages",3,"107.80","323.40"
"2025-02-06 13:26:42","Blueberry Muffin","Pastries",1,"185.15","185.15"
"2025-02-06 12:19:49","Iced Coffee","Beverages",2,"107.80","215.60"
"2025-02-06 06:03:51","Iced Mocha","Pastries",2,"144.00","288.00"
"2025-02-06 02:52:54","Latte","Pastries",2,"108.74","217.48"
"2025-02-06 01:12:20","Mocha","Pastries",3,"61.74","185.22"
"2025-02-05 20:40:58","Baguette","Pastries",2,"133.77","267.54"
"2025-02-05 16:02:53","Baguette","Pastries",2,"133.77","267.54"
"2025-02-05 13:10:20","Latte","Pastries",2,"108.74","217.48"
"2025-02-05 08:55:32","Hot Chocolate","Pastries",2,"131.53","263.06"
"2025-02-05 08:49:41","Espresso","Pastries",2,"195.76","391.52"
"2025-02-05 05:01:42","Flat White","Pastries",4,"113.21","452.84"
"2025-02-05 04:49:44","Tiramisu","Pastries",1,"196.55","196.55"
"2025-02-05 02:27:10","Mocha","Pastries",4,"61.74","246.96"
"2025-02-04 23:52:56","Red Velvet Cake","Pastries",4,"187.25","749.00"
"2025-02-04 22:53:17","Americano","Pastries",5,"80.96","404.80"
"2025-02-04 22:41:40","Cappuccino","Pastries",4,"76.25","305.00"
"2025-02-04 18:39:47","Eclair","Pastries",2,"146.12","292.24"
"2025-02-04 13:19:54","Americano","Pastries",2,"80.96","161.92"
"2025-02-04 12:15:53","Chocolate Chip Muffin","Pastries",2,"103.79","207.58"
"2025-02-04 11:20:27","Chai Latte","Pastries",5,"100.50","502.50"
"2025-02-04 09:10:10","Apple Turnover","Pastries",4,"154.54","618.16"
"2025-02-04 08:28:11","Tea","Beverages",2,"106.18","212.36"
"2025-02-04 04:32:36","Flat White","Pastries",3,"113.21","339.63"
"2025-02-04 02:39:55","Americano","Pastries",2,"80.96","161.92"
"2025-02-03 23:34:31","Eclair","Pastries",5,"146.12","730.60"
"2025-02-03 14:56:58","Chocolate Chip Muffin","Pastries",5,"103.79","518.95"
"2025-02-03 14:04:17","Almond Croissant","Pastries",3,"8.42","25.26"
"2025-02-03 12:56:02","Blueberry Muffin","Pastries",5,"185.15","925.75"
"2025-02-03 12:27:55","Chai Latte","Pastries",5,"100.50","502.50"
"2025-02-03 06:34:05","Iced Coffee","Beverages",4,"107.80","431.20"
"2025-02-03 06:16:24","Tea","Beverages",2,"106.18","212.36"
"2025-02-03 00:29:35","Iced Mocha","Pastries",3,"144.00","432.00"
"2025-02-02 19:53:30","Flat White","Pastries",4,"113.21","452.84"
"2025-02-02 19:08:56","Iced Mocha","Pastries",3,"144.00","432.00"
"2025-02-02 17:07:00","Tea","Beverages",3,"106.18","318.54"
"2025-02-02 12:40:15","Chai Latte","Pastries",4,"100.50","402.00"
"2025-02-02 06:35:30","Glazed Donut","Pastries",2,"148.75","297.50"
"2025-02-02 00:16:19","Chai Latte","Pastries",4,"100.50","402.00"
"2025-02-01 23:16:11","Espresso","Pastries",4,"195.76","783.04"
"2025-02-01 22:26:30","Chocolate Chip Muffin","Pastries",5,"103.79","518.95"
"2025-02-01 16:34:02","Baguette","Pastries",5,"133.77","668.85"
"2025-02-01 08:16:46","Tea","Beverages",3,"106.18","318.54"
"2025-02-01 08:12:17","Baguette","Pastries",1,"133.77","133.77"
"2025-02-01 07:17:40","Eclair","Pastries",5,"146.12","730.60"
"2025-02-01 06:16:39","Baguette","Pastries",2,"133.77","267.54"
"2025-01-31 23:19:09","Apple Turnover","Pastries",5,"154.54","772.70"
"2025-01-31 19:54:23","Americano","Pastries",1,"80.96","80.96"
"2025-01-31 18:02:40","Espresso","Pastries",3,"195.76","587.28"
"2025-01-31 14:12:11","Latte","Pastries",3,"108.74","326.22"
"2025-01-31 13:21:26","Latte","Pastries",1,"108.74","108.74"
"2025-01-31 09:50:34","Iced Coffee","Beverages",2,"107.80","215.60"
"2025-01-31 06:20:02","Americano","Pastries",5,"80.96","404.80"
"2025-01-31 05:17:11","Flat White","Pastries",4,"113.21","452.84"
"2025-01-31 03:09:15","Hot Chocolate","Pastries",5,"131.53","657.65"
"2025-01-31 00:31:05","Hot Chocolate","Pastries",3,"131.53","394.59"
"2025-01-31 00:17:02","Eclair","Pastries",3,"146.12","438.36"
"2025-01-30 20:21:18","Iced Mocha","Pastries",2,"144.00","288.00"
"2025-01-30 18:37:59","Baguette","Pastries",4,"133.77","535.08"
"2025-01-30 18:27:57","Chocolate Chip Muffin","Pastries",5,"103.79","518.95"
"2025-01-30 17:22:16","Tea","Beverages",4,"106.18","424.72"
"2025-01-30 09:44:54","Espresso","Pastries",3,"195.76","587.28"
"2025-01-30 09:09:58","Cappuccino","Pastries",4,"76.25","305.00"
"2025-01-30 06:01:56","Mocha","Pastries",4,"61.74","246.96"
"2025-01-30 00:08:16","Cappuccino","Pastries",4,"76.25","305.00"
"2025-01-29 23:43:46","Glazed Donut","Pastries",3,"148.75","446.25"
"2025-01-29 23:32:57","Iced Mocha","Pastries",4,"144.00","576.00"
"2025-01-29 23:09:00","Red Velvet Cake","Pastries",4,"187.25","749.00"
"2025-01-29 22:39:46","Iced Mocha","Pastries",3,"144.00","432.00"
"2025-01-29 19:29:08","Apple Turnover","Pastries",3,"154.54","463.62"
"2025-01-29 16:42:08","Apple Turnover","Pastries",5,"154.54","772.70"
"2025-01-29 15:42:44","Cappuccino","Pastries",5,"76.25","381.25"
"2025-01-29 12:46:51","Cappuccino","Pastries",3,"76.25","228.75"
"2025-01-29 07:33:54","Latte","Pastries",5,"108.74","543.70"
"2025-01-29 04:25:37","Tiramisu","Pastries",5,"196.55","982.75"
"2025-01-28 22:01:24","Tea","Beverages",4,"106.18","424.72"
"2025-01-28 19:12:24","Apple Turnover","Pastries",3,"154.54","463.62"
"2025-01-28 18:33:56","Red Velvet Cake","Pastries",3,"187.25","561.75"
"2025-01-28 18:21:54","Flat White","Pastries",2,"113.21","226.42"
"2025-01-28 17:36:52","Iced Coffee","Beverages",5,"107.80","539.00"
"2025-01-28 14:52:33","Tiramisu","Pastries",5,"196.55","982.75"
"2025-01-28 07:00:54","Tea","Beverages",3,"106.18","318.54"
"2025-01-28 04:44:59","Hot Chocolate","Pastries",3,"131.53","394.59"
"2025-01-28 02:46:15","Apple Turnover","Pastries",3,"154.54","463.62"
"2025-01-27 23:04:30","Almond Croissant","Pastries",1,"8.42","8.42"
"2025-01-27 18:49:57","Almond Croissant","Pastries",2,"8.42","16.84"
"2025-01-27 18:32:06","Tiramisu","Pastries",2,"196.55","393.10"
"2025-01-27 16:38:03","Espresso","Pastries",5,"195.76","978.80"
"2025-01-27 15:00:31","Cappuccino","Pastries",4,"76.25","305.00"
"2025-01-27 14:37:15","Mocha","Pastries",5,"61.74","308.70"
"2025-01-27 14:26:10","Latte","Pastries",4,"108.74","434.96"
"2025-01-27 11:39:09","Baguette","Pastries",3,"133.77","401.31"
"2025-01-27 06:51:09","Mocha","Pastries",4,"61.74","246.96"
"2025-01-27 05:40:08","Baguette","Pastries",3,"133.77","401.31"
"2025-01-27 03:01:05","Chai Latte","Pastries",3,"100.50","301.50"
"2025-01-27 00:46:26","Latte","Pastries",3,"108.74","326.22"
"2025-01-26 21:05:57","Latte","Pastries",2,"108.74","217.48"
"2025-01-26 20:06:26","Baguette","Pastries",3,"133.77","401.31"
"2025-01-26 16:44:18","Baguette","Pastries",5,"133.77","668.85"
"2025-01-26 15:44:44","Apple Turnover","Pastries",4,"154.54","618.16"
"2025-01-26 14:37:54","Almonds","Pastries",4,"5.59","22.36"
"2025-01-26 12:33:32","Iced Coffee","Beverages",5,"107.80","539.00"
"2025-01-26 12:12:22","Tea","Beverages",1,"106.18","106.18"
"2025-01-26 10:14:53","Eclair","Pastries",3,"146.12","438.36"
"2025-01-26 09:58:11","Almonds","Pastries",3,"5.59","16.77"
"2025-01-26 08:02:26","Macchiato","Pastries",4,"93.97","375.88"
"2025-01-26 02:07:05","Flat White","Pastries",4,"113.21","452.84"
"2025-01-26 00:43:12","Almond Croissant","Pastries",3,"8.42","25.26"
"2025-01-25 21:53:38","Blueberry Muffin","Pastries",3,"185.15","555.45"
"2025-01-25 18:09:26","Glazed Donut","Pastries",5,"148.75","743.75"
"2025-01-25 18:09:19","Tiramisu","Pastries",3,"196.55","589.65"
"2025-01-25 13:35:29","Tea","Beverages",5,"106.18","530.90"
"2025-01-25 08:47:19","Apple Turnover","Pastries",2,"154.54","309.08"
"2025-01-25 07:13:30","Tiramisu","Pastries",2,"196.55","393.10"
"2025-01-25 04:47:32","Red Velvet Cake","Pastries",4,"187.25","749.00"
"2025-01-25 00:40:23","Red Velvet Cake","Pastries",4,"187.25","749.00"
"2025-01-24 17:43:27","Blueberry Muffin","Pastries",5,"185.15","925.75"
"2025-01-24 15:49:24","Hot Chocolate","Pastries",3,"131.53","394.59"
"2025-01-24 14:59:44","Almonds","Pastries",2,"5.59","11.18"
"2025-01-24 14:44:01","Red Velvet Cake","Pastries",3,"187.25","561.75"
"2025-01-24 06:41:31","Americano","Pastries",4,"80.96","323.84"
"2025-01-24 00:16:44","Apple Turnover","Pastries",2,"154.54","309.08"
"2025-01-23 20:51:06","Eclair","Pastries",4,"146.12","584.48"
"2025-01-23 19:36:55","Espresso","Pastries",3,"195.76","587.28"
"2025-01-23 15:33:55","Americano","Pastries",4,"80.96","323.84"
"2025-01-23 10:00:06","Flat White","Pastries",3,"113.21","339.63"
"2025-01-23 07:38:26","Tiramisu","Pastries",4,"196.55","786.20"
"2025-01-23 02:37:22","Tea","Beverages",3,"106.18","318.54"
"2025-01-22 21:20:37","Hot Chocolate","Pastries",5,"131.53","657.65"
"2025-01-22 20:38:23","Blueberry Muffin","Pastries",3,"185.15","555.45"
"2025-01-22 16:22:09","Americano","Pastries",1,"80.96","80.96"
"2025-01-22 13:09:51","Glazed Donut","Pastries",1,"148.75","148.75"
"2025-01-22 06:30:39","Macchiato","Pastries",3,"93.97","281.91"
"2025-01-22 04:42:00","Glazed Donut","Pastries",5,"148.75","743.75"
"2025-01-22 00:49:51","Flat White","Pastries",2,"113.21","226.42"
"2025-01-21 21:00:58","Tiramisu","Pastries",1,"196.55","196.55"
"2025-01-21 17:28:31","Almond Croissant","Pastries",3,"8.42","25.26"
"2025-01-21 15:46:07","Tiramisu","Pastries",4,"196.55","786.20"
"2025-01-21 12:28:48","Americano","Pastries",2,"80.96","161.92"
"2025-01-21 00:14:30","Glazed Donut","Pastries",1,"148.75","148.75"
"2025-01-20 21:17:13","Hot Chocolate","Pastries",4,"131.53","526.12"
"2025-01-20 21:02:35","Red Velvet Cake","Pastries",5,"187.25","936.25"
"2025-01-20 14:46:03","Mocha","Pastries",4,"61.74","246.96"
"2025-01-20 02:18:55","Apple Turnover","Pastries",5,"154.54","772.70"
"2025-01-20 00:54:19","Latte","Pastries",3,"108.74","326.22"
"2025-01-20 00:37:54","Tiramisu","Pastries",4,"196.55","786.20"
"2025-01-19 18:06:24","Tea","Beverages",1,"106.18","106.18"
"2025-01-19 17:39:50","Latte","Pastries",3,"108.74","326.22"
"2025-01-19 16:45:34","Glazed Donut","Pastries",1,"148.75","148.75"
"2025-01-19 13:50:55","Almond Croissant","Pastries",5,"8.42","42.10"
"2025-01-19 13:19:35","Macchiato","Pastries",5,"93.97","469.85"
"2025-01-19 11:05:23","Mocha","Pastries",2,"61.74","123.48"
"2025-01-19 10:26:19","Chocolate Chip Muffin","Pastries",2,"103.79","207.58"
"2025-01-19 10:20:24","Iced Coffee","Beverages",4,"107.80","431.20"
"2025-01-19 04:11:00","Apple Turnover","Pastries",5,"154.54","772.70"
"2025-01-19 02:24:54","Red Velvet Cake","Pastries",5,"187.25","936.25"
"2025-01-18 23:29:01","Tiramisu","Pastries",2,"196.55","393.10"
"2025-01-18 17:50:47","Macchiato","Pastries",1,"93.97","93.97"
"2025-01-18 17:49:12","Iced Mocha","Pastries",5,"144.00","720.00"
"2025-01-18 14:07:10","Blueberry Muffin","Pastries",3,"185.15","555.45"
"2025-01-18 13:25:31","Hot Chocolate","Pastries",3,"131.53","394.59"
"2025-01-18 12:09:29","Espresso","Pastries",3,"195.76","587.28"
"2025-01-18 06:08:39","Chai Latte","Pastries",3,"100.50","301.50"
"2025-01-18 04:29:50","Tiramisu","Pastries",4,"196.55","786.20"
"2025-01-17 22:24:58","Macchiato","Pastries",1,"93.97","93.97"
"2025-01-17 21:11:18","Americano","Pastries",2,"80.96","161.92"
"2025-01-17 17:07:57","Chocolate Chip Muffin","Pastries",5,"103.79","518.95"
"2025-01-17 15:50:42","Iced Mocha","Pastries",5,"144.00","720.00"
"2025-01-17 10:49:32","Almonds","Pastries",1,"5.59","5.59"
"2025-01-17 10:26:39","Almond Croissant","Pastries",2,"8.42","16.84"
"2025-01-17 10:17:48","Glazed Donut","Pastries",1,"148.75","148.75"
"2025-01-17 06:24:58","Glazed Donut","Pastries",1,"148.75","148.75"
"2025-01-17 04:52:04","Baguette","Pastries",3,"133.77","401.31"
"2025-01-17 01:46:09","Iced Coffee","Beverages",1,"107.80","107.80"
"2025-01-16 22:36:09","Mocha","Pastries",3,"61.74","185.22"
"2025-01-16 22:29:34","Iced Mocha","Pastries",2,"144.00","288.00"
"2025-01-16 20:54:09","Baguette","Pastries",5,"133.77","668.85"
"2025-01-16 20:31:55","Iced Coffee","Beverages",2,"107.80","215.60"
"2025-01-16 09:14:33","Tiramisu","Pastries",2,"196.55","393.10"
"2025-01-16 05:15:10","Apple Turnover","Pastries",4,"154.54","618.16"
"2025-01-15 20:41:42","Flat White","Pastries",3,"113.21","339.63"
"2025-01-15 14:19:23","Baguette","Pastries",1,"133.77","133.77"
"2025-01-15 13:34:10","Espresso","Pastries",1,"195.76","195.76"
"2025-01-15 11:22:12","Almonds","Pastries",1,"5.59","5.59"
"2025-01-15 04:58:15","Espresso","Pastries",3,"195.76","587.28"
"2025-01-15 01:40:18","Almond Croissant","Pastries",5,"8.42","42.10"
"2025-01-14 22:53:59","Tea","Beverages",4,"106.18","424.72"
"2025-01-14 21:17:04","Tea","Beverages",5,"106.18","530.90"
"2025-01-14 18:32:46","Chai Latte","Pastries",4,"100.50","402.00"
"2025-01-14 17:31:40","Hot Chocolate","Pastries",2,"131.53","263.06"
"2025-01-14 15:29:48","Iced Coffee","Beverages",5,"107.80","539.00"
"2025-01-14 08:23:44","Blueberry Muffin","Pastries",5,"185.15","925.75"
"2025-01-14 06:10:52","Red Velvet Cake","Pastries",1,"187.25","187.25"
"2025-01-14 04:08:30","Cappuccino","Pastries",2,"76.25","152.50"
"2025-01-14 00:04:30","Hot Chocolate","Pastries",3,"131.53","394.59"
"2025-01-13 21:37:14","Tiramisu","Pastries",5,"196.55","982.75"
"2025-01-13 20:47:53","Baguette","Pastries",3,"133.77","401.31"
"2025-01-13 18:47:22","Blueberry Muffin","Pastries",1,"185.15","185.15"
"2025-01-13 18:26:32","Apple Turnover","Pastries",4,"154.54","618.16"
"2025-01-13 16:18:29","Tea","Beverages",3,"106.18","318.54"
"2025-01-13 15:55:33","Tiramisu","Pastries",5,"196.55","982.75"
"2025-01-13 14:12:07","Cappuccino","Pastries",4,"76.25","305.00"
"2025-01-13 10:31:57","Red Velvet Cake","Pastries",1,"187.25","187.25"
"2025-01-13 05:05:06","Iced Coffee","Beverages",2,"107.80","215.60"
"2025-01-13 03:42:21","Espresso","Pastries",1,"195.76","195.76"
"2025-01-13 03:10:28","Blueberry Muffin","Pastries",4,"185.15","740.60"
"2025-01-12 22:16:51","Chocolate Chip Muffin","Pastries",4,"103.79","415.16"
"2025-01-12 20:41:40","Americano","Pastries",1,"80.96","80.96"
"2025-01-12 20:05:14","Hot Chocolate","Pastries",3,"131.53","394.59"
"2025-01-12 19:49:33","Chocolate Chip Muffin","Pastries",4,"103.79","415.16"
"2025-01-12 15:50:42","Tiramisu","Pastries",4,"196.55","786.20"
"2025-01-12 14:13:58","Latte","Pastries",1,"108.74","108.74"
"2025-01-12 11:09:48","Tiramisu","Pastries",2,"196.55","393.10"
"2025-01-12 07:16:18","Latte","Pastries",4,"108.74","434.96"
"2025-01-12 07:04:05","Mocha","Pastries",3,"61.74","185.22"
"2025-01-11 21:08:16","Baguette","Pastries",1,"133.77","133.77"
"2025-01-11 11:29:06","Red Velvet Cake","Pastries",1,"187.25","187.25"
"2025-01-11 10:24:39","Cappuccino","Pastries",2,"76.25","152.50"
"2025-01-11 09:32:18","Espresso","Pastries",4,"195.76","783.04"
"2025-01-11 08:46:07","Espresso","Pastries",3,"195.76","587.28"
"2025-01-11 05:28:43","Chocolate Chip Muffin","Pastries",1,"103.79","103.79"
"2025-01-11 00:21:49","Baguette","Pastries",1,"133.77","133.77"
"2025-01-11 00:06:17","Chocolate Chip Muffin","Pastries",3,"103.79","311.37"
"2025-01-10 22:27:06","Iced Mocha","Pastries",4,"144.00","576.00"
"2025-01-10 14:03:03","Cappuccino","Pastries",4,"76.25","305.00"
"2025-01-10 08:59:19","Tiramisu","Pastries",4,"196.55","786.20"
"2025-01-10 08:24:50","Flat White","Pastries",2,"113.21","226.42"
"2025-01-10 06:44:57","Macchiato","Pastries",1,"93.97","93.97"
"2025-01-10 04:00:47","Apple Turnover","Pastries",5,"154.54","772.70"
"2025-01-10 03:47:48","Iced Mocha","Pastries",5,"144.00","720.00"
"2025-01-10 01:44:56","Macchiato","Pastries",3,"93.97","281.91"
"2025-01-09 21:17:42","Tiramisu","Pastries",2,"196.55","393.10"
"2025-01-09 19:53:32","Cappuccino","Pastries",3,"76.25","228.75"
"2025-01-09 18:47:14","Glazed Donut","Pastries",2,"148.75","297.50"
"2025-01-09 14:12:03","Americano","Pastries",4,"80.96","323.84"
"2025-01-09 12:38:40","Eclair","Pastries",5,"146.12","730.60"
"2025-01-09 09:46:21","Mocha","Pastries",2,"61.74","123.48"
"2025-01-09 03:12:54","Macchiato","Pastries",5,"93.97","469.85"
"2025-01-09 03:02:56","Tiramisu","Pastries",4,"196.55","786.20"
"2025-01-08 23:11:48","Almond Croissant","Pastries",5,"8.42","42.10"
"2025-01-08 21:47:38","Chai Latte","Pastries",1,"100.50","100.50"
"2025-01-08 21:28:24","Glazed Donut","Pastries",1,"148.75","148.75"
"2025-01-08 19:16:12","Chai Latte","Pastries",5,"100.50","502.50"
"2025-01-08 18:32:38","Glazed Donut","Pastries",4,"148.75","595.00"
"2025-01-08 17:46:03","Cappuccino","Pastries",5,"76.25","381.25"
"2025-01-08 16:02:28","Tea","Beverages",1,"106.18","106.18"
"2025-01-08 14:23:08","Chai Latte","Pastries",4,"100.50","402.00"
"2025-01-08 06:48:14","Flat White","Pastries",3,"113.21","339.63"
"2025-01-08 01:02:11","Tea","Beverages",3,"106.18","318.54"
"2025-01-08 00:08:55","Cappuccino","Pastries",3,"76.25","228.75"
"2025-01-07 23:55:43","Cappuccino","Pastries",2,"76.25","152.50"
"2025-01-07 23:16:52","Espresso","Pastries",3,"195.76","587.28"
"2025-01-07 16:49:41","Eclair","Pastries",1,"146.12","146.12"
"2025-01-07 16:21:45","Blueberry Muffin","Pastries",1,"185.15","185.15"
"2025-01-07 14:46:48","Apple Turnover","Pastries",1,"154.54","154.54"
"2025-01-07 14:30:44","Almonds","Pastries",4,"5.59","22.36"
"2025-01-07 12:24:16","Cappuccino","Pastries",5,"76.25","381.25"
"2025-01-07 11:22:24","Iced Coffee","Beverages",1,"107.80","107.80"
"2025-01-07 08:44:53","Iced Coffee","Beverages",3,"107.80","323.40"
"2025-01-07 02:46:53","Baguette","Pastries",2,"133.77","267.54"
"2025-01-06 23:44:16","Mocha","Pastries",4,"61.74","246.96"
"2025-01-06 21:34:20","Hot Chocolate","Pastries",2,"131.53","263.06"
"2025-01-06 19:03:16","Americano","Pastries",4,"80.96","323.84"
"2025-01-06 15:23:27","Flat White","Pastries",5,"113.21","566.05"
"2025-01-06 14:25:04","Almond Croissant","Pastries",3,"8.42","25.26"
"2025-01-06 09:33:29","Flat White","Pastries",4,"113.21","452.84"
"2025-01-06 07:37:12","Espresso","Pastries",2,"195.76","391.52"
"2025-01-06 07:22:55","Eclair","Pastries",5,"146.12","730.60"
"2025-01-06 06:33:08","Chocolate Chip Muffin","Pastries",3,"103.79","311.37"
"2025-01-06 05:58:53","Almonds","Pastries",2,"5.59","11.18"
"2025-01-06 05:18:19","Apple Turnover","Pastries",3,"154.54","463.62"
"2025-01-06 05:08:39","Apple Turnover","Pastries",1,"154.54","154.54"
"2025-01-06 00:12:10","Hot Chocolate","Pastries",5,"131.53","657.65"
"2025-01-05 23:58:21","Mocha","Pastries",1,"61.74","61.74"
"2025-01-05 20:25:27","Macchiato","Pastries",3,"93.97","281.91"
"2025-01-05 19:02:12","Almond Croissant","Pastries",5,"8.42","42.10"
"2025-01-05 16:47:47","Macchiato","Pastries",4,"93.97","375.88"
"2025-01-05 14:56:23","Red Velvet Cake","Pastries",5,"187.25","936.25"
"2025-01-05 11:07:09","Glazed Donut","Pastries",1,"148.75","148.75"
"2025-01-05 09:52:29","Tea","Beverages",2,"106.18","212.36"
"2025-01-05 09:10:41","Americano","Pastries",5,"80.96","404.80"
"2025-01-05 03:05:03","Mocha","Pastries",3,"61.74","185.22"
"2025-01-05 01:43:52","Americano","Pastries",1,"80.96","80.96"
"2025-01-04 21:39:21","Hot Chocolate","Pastries",4,"131.53","526.12"
"2025-01-04 20:13:04","Flat White","Pastries",1,"113.21","113.21"
"2025-01-04 20:00:01","Espresso","Pastries",3,"195.76","587.28"
"2025-01-04 07:49:50","Apple Turnover","Pastries",3,"154.54","463.62"
"2025-01-03 19:55:34","Mocha","Pastries",4,"61.74","246.96"
"2025-01-03 18:50:55","Latte","Pastries",5,"108.74","543.70"
"2025-01-03 14:54:53","Red Velvet Cake","Pastries",3,"187.25","561.75"
"2025-01-03 14:33:32","Mocha","Pastries",4,"61.74","246.96"
"2025-01-03 13:12:53","Hot Chocolate","Pastries",5,"131.53","657.65"
"2025-01-03 06:59:12","Baguette","Pastries",1,"133.77","133.77"
"2025-01-03 02:24:59","Iced Mocha","Pastries",1,"144.00","144.00"
"2025-01-02 20:13:22","Mocha","Pastries",5,"61.74","308.70"
"2025-01-02 19:13:27","Latte","Pastries",5,"108.74","543.70"
"2025-01-02 15:21:57","Glazed Donut","Pastries",5,"148.75","743.75"
"2025-01-02 13:35:45","Almond Croissant","Pastries",2,"8.42","16.84"
"2025-01-02 10:13:18","Americano","Pastries",1,"80.96","80.96"
"2025-01-02 09:55:25","Americano","Pastries",4,"80.96","323.84"
"2025-01-02 06:12:35","Hot Chocolate","Pastries",5,"131.53","657.65"
"2025-01-02 05:45:51","Cappuccino","Pastries",3,"76.25","228.75"
"2025-01-02 00:36:14","Latte","Pastries",2,"108.74","217.48"
"2025-01-01 21:43:58","Latte","Pastries",1,"108.74","108.74"
"2025-01-01 18:18:31","Chai Latte","Pastries",2,"100.50","201.00"
"2025-01-01 17:58:40","Latte","Pastries",1,"108.74","108.74"
"2025-01-01 14:43:56","Chai Latte","Pastries",4,"100.50","402.00"
"2025-01-01 12:22:40","Blueberry Muffin","Pastries",4,"185.15","740.60"
"2025-01-01 11:58:31","Apple Turnover","Pastries",2,"154.54","309.08"
"2025-01-01 10:42:47","Blueberry Muffin","Pastries",1,"185.15","185.15"
"2025-01-01 05:22:36","Chai Latte","Pastries",5,"100.50","502.50"
"2025-01-01 02:21:57","Flat White","Pastries",4,"113.21","452.84"
"2024-12-31 16:41:38","Iced Mocha","Pastries",3,"144.00","432.00"
"2024-12-31 16:23:50","Macchiato","Pastries",3,"93.97","281.91"
"2024-12-31 13:55:25","Chai Latte","Pastries",2,"100.50","201.00"
"2024-12-31 11:32:17","Americano","Pastries",2,"80.96","161.92"
"2024-12-31 10:16:20","Flat White","Pastries",4,"113.21","452.84"
"2024-12-31 10:02:35","Eclair","Pastries",2,"146.12","292.24"
"2024-12-31 09:52:59","Flat White","Pastries",3,"113.21","339.63"
"2024-12-31 06:20:28","Iced Coffee","Beverages",4,"107.80","431.20"
"2024-12-31 05:50:46","Mocha","Pastries",3,"61.74","185.22"
"2024-12-31 05:18:54","Eclair","Pastries",3,"146.12","438.36"
"2024-12-31 02:54:37","Mocha","Pastries",2,"61.74","123.48"
"2024-12-30 23:40:39","Hot Chocolate","Pastries",2,"131.53","263.06"
"2024-12-30 23:24:37","Espresso","Pastries",1,"195.76","195.76"
"2024-12-30 22:56:57","Tea","Beverages",2,"106.18","212.36"
"2024-12-30 17:46:17","Tea","Beverages",4,"106.18","424.72"
"2024-12-30 17:17:34","Iced Mocha","Pastries",4,"144.00","576.00"
"2024-12-30 15:30:03","Latte","Pastries",1,"108.74","108.74"
"2024-12-30 13:35:28","Iced Mocha","Pastries",2,"144.00","288.00"
"2024-12-30 13:00:50","Macchiato","Pastries",5,"93.97","469.85"
"2024-12-30 12:53:52","Blueberry Muffin","Pastries",4,"185.15","740.60"
"2024-12-30 04:09:29","Iced Mocha","Pastries",4,"144.00","576.00"
"2024-12-29 16:57:59","Tiramisu","Pastries",4,"196.55","786.20"
"2024-12-29 09:12:51","Hot Chocolate","Pastries",5,"131.53","657.65"
"2024-12-29 08:52:07","Macchiato","Pastries",4,"93.97","375.88"
"2024-12-29 04:31:25","Almonds","Pastries",5,"5.59","27.95"
"2024-12-28 22:32:03","Glazed Donut","Pastries",2,"148.75","297.50"
"2024-12-28 19:24:53","Macchiato","Pastries",2,"93.97","187.94"
"2024-12-28 14:14:07","Chocolate Chip Muffin","Pastries",1,"103.79","103.79"
"2024-12-28 13:21:29","Red Velvet Cake","Pastries",1,"187.25","187.25"
"2024-12-28 12:46:46","Tea","Beverages",4,"106.18","424.72"
"2024-12-28 10:59:27","Iced Coffee","Beverages",3,"107.80","323.40"
"2024-12-28 10:04:42","Chai Latte","Pastries",3,"100.50","301.50"
"2024-12-28 05:39:49","Glazed Donut","Pastries",3,"148.75","446.25"
"2024-12-27 20:41:13","Baguette","Pastries",1,"133.77","133.77"
"2024-12-27 18:43:03","Tiramisu","Pastries",5,"196.55","982.75"
"2024-12-27 18:38:01","Chai Latte","Pastries",4,"100.50","402.00"
"2024-12-27 17:09:38","Latte","Pastries",3,"108.74","326.22"
"2024-12-27 16:00:44","Almond Croissant","Pastries",5,"8.42","42.10"
"2024-12-27 14:43:10","Eclair","Pastries",3,"146.12","438.36"
"2024-12-27 14:31:02","Espresso","Pastries",3,"195.76","587.28"
"2024-12-27 11:50:46","Iced Mocha","Pastries",1,"144.00","144.00"
"2024-12-27 11:25:00","Espresso","Pastries",2,"195.76","391.52"
"2024-12-27 09:06:23","Apple Turnover","Pastries",5,"154.54","772.70"
"2024-12-27 05:06:08","Macchiato","Pastries",5,"93.97","469.85"
"2024-12-27 04:46:06","Espresso","Pastries",3,"195.76","587.28"
"2024-12-27 02:42:28","Americano","Pastries",4,"80.96","323.84"
"2024-12-26 19:10:30","Almond Croissant","Pastries",5,"8.42","42.10"
"2024-12-26 16:15:55","Tiramisu","Pastries",2,"196.55","393.10"
"2024-12-26 15:55:00","Chai Latte","Pastries",3,"100.50","301.50"
"2024-12-26 15:28:49","Hot Chocolate","Pastries",5,"131.53","657.65"
"2024-12-26 14:38:29","Espresso","Pastries",4,"195.76","783.04"
"2024-12-26 10:04:14","Hot Chocolate","Pastries",5,"131.53","657.65"
"2024-12-26 08:10:34","Iced Coffee","Beverages",5,"107.80","539.00"
"2024-12-26 07:16:03","Iced Coffee","Beverages",3,"107.80","323.40"
"2024-12-26 02:24:28","Baguette","Pastries",2,"133.77","267.54"
"2024-12-25 22:14:20","Iced Coffee","Beverages",3,"107.80","323.40"
"2024-12-25 21:23:23","Flat White","Pastries",5,"113.21","566.05"
"2024-12-25 19:27:59","Iced Coffee","Beverages",1,"107.80","107.80"
"2024-12-25 16:57:35","Baguette","Pastries",4,"133.77","535.08"
"2024-12-25 10:23:31","Cappuccino","Pastries",2,"76.25","152.50"
"2024-12-25 10:20:08","Tea","Beverages",1,"106.18","106.18"
"2024-12-25 09:15:01","Almonds","Pastries",1,"5.59","5.59"
"2024-12-25 07:23:48","Apple Turnover","Pastries",5,"154.54","772.70"
"2024-12-24 19:58:42","Macchiato","Pastries",2,"93.97","187.94"
"2024-12-24 18:11:14","Americano","Pastries",4,"80.96","323.84"
"2024-12-24 11:41:17","Baguette","Pastries",2,"133.77","267.54"
"2024-12-24 10:18:33","Apple Turnover","Pastries",1,"154.54","154.54"
"2024-12-24 08:20:08","Baguette","Pastries",5,"133.77","668.85"
"2024-12-24 03:50:05","Hot Chocolate","Pastries",3,"131.53","394.59"
"2024-12-24 01:46:28","Cappuccino","Pastries",2,"76.25","152.50"
"2024-12-23 23:43:42","Latte","Pastries",3,"108.74","326.22"
"2024-12-23 23:23:28","Flat White","Pastries",1,"113.21","113.21"
"2024-12-23 20:38:43","Latte","Pastries",3,"108.74","326.22"
"2024-12-23 20:22:49","Apple Turnover","Pastries",1,"154.54","154.54"
"2024-12-23 18:41:07","Tea","Beverages",1,"106.18","106.18"
"2024-12-23 17:36:53","Espresso","Pastries",2,"195.76","391.52"
"2024-12-23 09:58:43","Mocha","Pastries",2,"61.74","123.48"
"2024-12-23 04:48:03","Almond Croissant","Pastries",3,"8.42","25.26"
"2024-12-23 04:47:48","Mocha","Pastries",5,"61.74","308.70"
"2024-12-23 02:09:35","Chai Latte","Pastries",4,"100.50","402.00"
"2024-12-22 23:20:11","Americano","Pastries",5,"80.96","404.80"
"2024-12-22 20:14:33","Flat White","Pastries",2,"113.21","226.42"
"2024-12-22 13:15:52","Iced Coffee","Beverages",4,"107.80","431.20"
"2024-12-22 08:36:34","Cappuccino","Pastries",2,"76.25","152.50"
"2024-12-22 00:27:44","Cappuccino","Pastries",3,"76.25","228.75"
"2024-12-21 11:55:16","Americano","Pastries",3,"80.96","242.88"
"2024-12-21 07:15:38","Iced Coffee","Beverages",5,"107.80","539.00"
"2024-12-21 02:57:57","Eclair","Pastries",4,"146.12","584.48"
"2024-12-21 02:53:40","Glazed Donut","Pastries",5,"148.75","743.75"
"2024-12-21 00:52:26","Almond Croissant","Pastries",1,"8.42","8.42"
"2024-12-20 22:42:44","Espresso","Pastries",1,"195.76","195.76"
"2024-12-20 20:52:49","Tea","Beverages",5,"106.18","530.90"
"2024-12-20 15:17:21","Apple Turnover","Pastries",1,"154.54","154.54"
"2024-12-20 11:22:55","Hot Chocolate","Pastries",2,"131.53","263.06"
"2024-12-20 10:27:13","Apple Turnover","Pastries",3,"154.54","463.62"
"2024-12-20 09:38:14","Tiramisu","Pastries",1,"196.55","196.55"
"2024-12-20 07:27:31","Baguette","Pastries",1,"133.77","133.77"
"2024-12-20 06:23:35","Apple Turnover","Pastries",4,"154.54","618.16"
"2024-12-20 04:16:53","Tiramisu","Pastries",3,"196.55","589.65"
"2024-12-20 01:35:47","Hot Chocolate","Pastries",2,"131.53","263.06"
"2024-12-19 22:21:23","Latte","Pastries",4,"108.74","434.96"
"2024-12-19 21:26:40","Red Velvet Cake","Pastries",1,"187.25","187.25"
"2024-12-19 18:36:08","Red Velvet Cake","Pastries",3,"187.25","561.75"
"2024-12-19 15:59:52","Iced Mocha","Pastries",4,"144.00","576.00"
"2024-12-19 11:12:07","Chai Latte","Pastries",5,"100.50","502.50"
"2024-12-19 08:40:21","Tiramisu","Pastries",2,"196.55","393.10"
"2024-12-19 03:40:03","Tiramisu","Pastries",5,"196.55","982.75"
"2024-12-19 00:53:57","Eclair","Pastries",1,"146.12","146.12"
"2024-12-18 20:02:50","Glazed Donut","Pastries",5,"148.75","743.75"
"2024-12-18 19:01:31","Iced Coffee","Beverages",5,"107.80","539.00"
"2024-12-18 18:31:57","Tiramisu","Pastries",2,"196.55","393.10"
"2024-12-18 14:55:51","Cappuccino","Pastries",1,"76.25","76.25"
"2024-12-18 14:48:49","Tea","Beverages",2,"106.18","212.36"
"2024-12-18 14:36:39","Americano","Pastries",1,"80.96","80.96"
"2024-12-18 10:11:06","Almonds","Pastries",4,"5.59","22.36"
"2024-12-18 06:45:54","Almonds","Pastries",1,"5.59","5.59"
"2024-12-17 22:41:21","Almond Croissant","Pastries",5,"8.42","42.10"
"2024-12-17 21:00:52","Almond Croissant","Pastries",3,"8.42","25.26"
"2024-12-17 12:20:35","Macchiato","Pastries",1,"93.97","93.97"
"2024-12-17 09:06:47","Flat White","Pastries",1,"113.21","113.21"
"2024-12-17 08:32:27","Glazed Donut","Pastries",3,"148.75","446.25"
"2024-12-16 23:58:11","Macchiato","Pastries",2,"93.97","187.94"
"2024-12-16 19:36:43","Iced Mocha","Pastries",4,"144.00","576.00"
"2024-12-16 15:29:47","Blueberry Muffin","Pastries",2,"185.15","370.30"
"2024-12-16 13:40:09","Glazed Donut","Pastries",1,"148.75","148.75"
"2024-12-16 05:33:54","Cappuccino","Pastries",5,"76.25","381.25"
"2024-12-16 03:54:45","Apple Turnover","Pastries",4,"154.54","618.16"
"2024-12-16 01:21:17","Hot Chocolate","Pastries",5,"131.53","657.65"
"2024-12-15 23:01:46","Glazed Donut","Pastries",1,"148.75","148.75"
"2024-12-15 17:12:36","Blueberry Muffin","Pastries",5,"185.15","925.75"
"2024-12-15 16:53:45","Tiramisu","Pastries",5,"196.55","982.75"
"2024-12-15 14:54:34","Flat White","Pastries",4,"113.21","452.84"
"2024-12-15 14:49:07","Macchiato","Pastries",4,"93.97","375.88"
"2024-12-15 01:09:13","Baguette","Pastries",5,"133.77","668.85"
"2024-12-14 18:00:44","Tiramisu","Pastries",4,"196.55","786.20"
"2024-12-14 17:40:20","Almond Croissant","Pastries",3,"8.42","25.26"
"2024-12-14 17:03:10","Apple Turnover","Pastries",3,"154.54","463.62"
"2024-12-14 11:58:16","Hot Chocolate","Pastries",2,"131.53","263.06"
"2024-12-14 08:59:37","Eclair","Pastries",3,"146.12","438.36"
"2024-12-14 06:56:13","Glazed Donut","Pastries",4,"148.75","595.00"
"2024-12-14 00:17:35","Latte","Pastries",5,"108.74","543.70"
"2024-12-14 00:01:32","Macchiato","Pastries",2,"93.97","187.94"
"2024-12-13 23:40:07","Almond Croissant","Pastries",4,"8.42","33.68"
"2024-12-13 18:39:16","Baguette","Pastries",3,"133.77","401.31"
"2024-12-13 16:31:23","Flat White","Pastries",3,"113.21","339.63"
"2024-12-13 12:06:48","Apple Turnover","Pastries",1,"154.54","154.54"
"2024-12-13 10:59:22","Red Velvet Cake","Pastries",4,"187.25","749.00"
"2024-12-13 06:51:10","Hot Chocolate","Pastries",2,"131.53","263.06"
"2024-12-13 03:38:29","Iced Mocha","Pastries",3,"144.00","432.00"
"2024-12-13 03:16:18","Latte","Pastries",3,"108.74","326.22"
"2024-12-13 02:21:02","Flat White","Pastries",1,"113.21","113.21"
"2024-12-12 23:14:30","Eclair","Pastries",2,"146.12","292.24"
"2024-12-12 21:22:32","Macchiato","Pastries",1,"93.97","93.97"
"2024-12-12 20:20:00","Almond Croissant","Pastries",3,"8.42","25.26"
"2024-12-12 16:08:54","Almond Croissant","Pastries",2,"8.42","16.84"
"2024-12-12 13:45:32","Macchiato","Pastries",2,"93.97","187.94"
"2024-12-12 12:33:36","Iced Coffee","Beverages",5,"107.80","539.00"
"2024-12-12 12:32:13","Apple Turnover","Pastries",1,"154.54","154.54"
"2024-12-12 07:35:45","Blueberry Muffin","Pastries",1,"185.15","185.15"
"2024-12-12 06:01:28","Almonds","Pastries",2,"5.59","11.18"
"2024-12-12 04:28:59","Baguette","Pastries",4,"133.77","535.08"
"2024-12-12 03:38:08","Almond Croissant","Pastries",1,"8.42","8.42"
"2024-12-12 01:30:35","Mocha","Pastries",2,"61.74","123.48"
"2024-12-12 00:53:46","Iced Coffee","Beverages",1,"107.80","107.80"
"2024-12-11 23:59:36","Cappuccino","Pastries",3,"76.25","228.75"
"2024-12-11 23:13:45","Chai Latte","Pastries",1,"100.50","100.50"
"2024-12-11 23:12:59","Iced Mocha","Pastries",1,"144.00","144.00"
"2024-12-11 20:25:07","Eclair","Pastries",1,"146.12","146.12"
"2024-12-11 09:40:42","Apple Turnover","Pastries",2,"154.54","309.08"
"2024-12-10 23:54:24","Flat White","Pastries",3,"113.21","339.63"
"2024-12-10 23:35:36","Cappuccino","Pastries",1,"76.25","76.25"
"2024-12-10 20:42:38","Almond Croissant","Pastries",2,"8.42","16.84"
"2024-12-10 20:26:51","Flat White","Pastries",1,"113.21","113.21"
"2024-12-10 18:26:28","Almonds","Pastries",3,"5.59","16.77"
"2024-12-10 15:33:03","Latte","Pastries",4,"108.74","434.96"
"2024-12-10 10:57:53","Americano","Pastries",1,"80.96","80.96"
"2024-12-10 08:16:01","Chai Latte","Pastries",4,"100.50","402.00"
"2024-12-10 05:52:36","Blueberry Muffin","Pastries",4,"185.15","740.60"
"2024-12-10 03:39:15","Tiramisu","Pastries",1,"196.55","196.55"
"2024-12-09 22:53:49","Iced Coffee","Beverages",1,"107.80","107.80"
"2024-12-09 22:45:14","Almonds","Pastries",2,"5.59","11.18"
"2024-12-09 17:58:48","Tiramisu","Pastries",1,"196.55","196.55"
"2024-12-09 15:47:57","Iced Mocha","Pastries",1,"144.00","144.00"
"2024-12-09 15:35:19","Flat White","Pastries",1,"113.21","113.21"
"2024-12-09 13:55:07","Chocolate Chip Muffin","Pastries",1,"103.79","103.79"
"2024-12-09 07:22:23","Chai Latte","Pastries",4,"100.50","402.00"
"2024-12-09 04:25:55","Espresso","Pastries",1,"195.76","195.76"
"2024-12-08 20:52:54","Americano","Pastries",4,"80.96","323.84"
"2024-12-08 19:43:30","Cappuccino","Pastries",5,"76.25","381.25"
"2024-12-08 18:13:55","Blueberry Muffin","Pastries",4,"185.15","740.60"
"2024-12-08 13:45:20","Baguette","Pastries",1,"133.77","133.77"
"2024-12-08 13:24:10","Macchiato","Pastries",5,"93.97","469.85"
"2024-12-08 13:00:50","Cappuccino","Pastries",2,"76.25","152.50"
"2024-12-08 12:07:22","Almond Croissant","Pastries",4,"8.42","33.68"
"2024-12-08 04:29:36","Mocha","Pastries",1,"61.74","61.74"
"2024-12-08 02:17:56","Eclair","Pastries",3,"146.12","438.36"
"2024-12-08 01:45:46","Chocolate Chip Muffin","Pastries",1,"103.79","103.79"
"2024-12-08 01:36:05","Apple Turnover","Pastries",5,"154.54","772.70"
"2024-12-08 01:24:01","Blueberry Muffin","Pastries",5,"185.15","925.75"
"2024-12-07 21:44:14","Baguette","Pastries",5,"133.77","668.85"
"2024-12-07 20:32:46","Baguette","Pastries",5,"133.77","668.85"
"2024-12-07 15:10:51","Tiramisu","Pastries",5,"196.55","982.75"
"2024-12-07 13:31:17","Eclair","Pastries",4,"146.12","584.48"
"2024-12-07 13:16:36","Tea","Beverages",2,"106.18","212.36"
"2024-12-07 07:48:15","Tea","Beverages",2,"106.18","212.36"
"2024-12-07 06:29:09","Blueberry Muffin","Pastries",1,"185.15","185.15"
"2024-12-07 05:17:01","Tiramisu","Pastries",1,"196.55","196.55"
"2024-12-07 00:55:14","Espresso","Pastries",5,"195.76","978.80"
"2024-12-07 00:15:18","Chai Latte","Pastries",5,"100.50","502.50"
"2024-12-06 19:18:08","Macchiato","Pastries",3,"93.97","281.91"
"2024-12-06 19:09:08","Espresso","Pastries",3,"195.76","587.28"
"2024-12-06 18:25:00","Latte","Pastries",2,"108.74","217.48"
"2024-12-06 16:14:18","Tiramisu","Pastries",5,"196.55","982.75"
"2024-12-06 10:33:53","Mocha","Pastries",4,"61.74","246.96"
"2024-12-05 23:29:55","Eclair","Pastries",3,"146.12","438.36"
"2024-12-05 22:37:32","Flat White","Pastries",3,"113.21","339.63"
"2024-12-05 11:55:23","Baguette","Pastries",4,"133.77","535.08"
"2024-12-05 00:04:42","Americano","Pastries",4,"80.96","323.84"
"2024-12-04 17:30:53","Cappuccino","Pastries",1,"76.25","76.25"
"2024-12-04 14:32:33","Latte","Pastries",5,"108.74","543.70"
"2024-12-04 14:23:04","Flat White","Pastries",5,"113.21","566.05"
"2024-12-04 12:40:07","Americano","Pastries",5,"80.96","404.80"
"2024-12-04 11:37:14","Tiramisu","Pastries",5,"196.55","982.75"
"2024-12-04 09:10:31","Glazed Donut","Pastries",4,"148.75","595.00"
"2024-12-04 07:38:04","Flat White","Pastries",1,"113.21","113.21"
"2024-12-04 04:35:06","Almond Croissant","Pastries",3,"8.42","25.26"
"2024-12-04 00:16:13","Flat White","Pastries",4,"113.21","452.84"
"2024-12-03 21:18:28","Chai Latte","Pastries",2,"100.50","201.00"
"2024-12-03 16:58:30","Chai Latte","Pastries",5,"100.50","502.50"
"2024-12-03 16:58:27","Cappuccino","Pastries",4,"76.25","305.00"
"2024-12-03 14:17:37","Hot Chocolate","Pastries",4,"131.53","526.12"
"2024-12-03 06:55:16","Blueberry Muffin","Pastries",2,"185.15","370.30"
"2024-12-03 06:17:56","Iced Coffee","Beverages",4,"107.80","431.20"
"2024-12-03 05:55:42","Espresso","Pastries",2,"195.76","391.52"
"2024-12-03 05:43:41","Glazed Donut","Pastries",1,"148.75","148.75"
"2024-12-03 05:08:27","Almond Croissant","Pastries",4,"8.42","33.68"
"2024-12-03 03:35:56","Americano","Pastries",5,"80.96","404.80"
"2024-12-03 02:50:56","Americano","Pastries",4,"80.96","323.84"
"2024-12-02 20:55:03","Hot Chocolate","Pastries",1,"131.53","131.53"
"2024-12-02 19:23:32","Americano","Pastries",1,"80.96","80.96"
"2024-12-02 17:34:18","Iced Mocha","Pastries",1,"144.00","144.00"
"2024-12-02 17:31:40","Almonds","Pastries",3,"5.59","16.77"
"2024-12-02 16:54:10","Almond Croissant","Pastries",3,"8.42","25.26"
"2024-12-02 16:27:41","Almonds","Pastries",3,"5.59","16.77"
"2024-12-02 14:41:14","Flat White","Pastries",4,"113.21","452.84"
"2024-12-02 11:25:44","Flat White","Pastries",3,"113.21","339.63"
"2024-12-02 11:03:04","Glazed Donut","Pastries",5,"148.75","743.75"
"2024-12-02 04:17:59","Tea","Beverages",4,"106.18","424.72"
"2024-12-02 03:53:32","Americano","Pastries",3,"80.96","242.88"
"2024-12-02 02:58:12","Tiramisu","Pastries",4,"196.55","786.20"
"2024-12-01 23:32:00","Baguette","Pastries",1,"133.77","133.77"
"2024-12-01 23:13:06","Iced Coffee","Beverages",5,"107.80","539.00"
"2024-12-01 21:38:38","Flat White","Pastries",2,"113.21","226.42"
"2024-12-01 16:18:01","Iced Coffee","Beverages",5,"107.80","539.00"
"2024-12-01 13:20:07","Red Velvet Cake","Pastries",5,"187.25","936.25"
"2024-12-01 12:28:18","Iced Mocha","Pastries",4,"144.00","576.00"
"2024-12-01 12:00:05","Blueberry Muffin","Pastries",2,"185.15","370.30"
"2024-12-01 11:18:40","Almond Croissant","Pastries",2,"8.42","16.84"
"2024-12-01 09:07:02","Chai Latte","Pastries",4,"100.50","402.00"
"2024-12-01 03:38:11","Latte","Pastries",3,"108.74","326.22"
"2024-12-01 03:11:08","Latte","Pastries",1,"108.74","108.74"
"2024-12-01 02:28:13","Americano","Pastries",4,"80.96","323.84"
"2024-12-01 00:36:12","Baguette","Pastries",4,"133.77","535.08"
"2024-11-30 20:24:14","Iced Mocha","Pastries",2,"144.00","288.00"
"2024-11-30 16:35:25","Iced Mocha","Pastries",5,"144.00","720.00"
"2024-11-30 13:49:40","Cappuccino","Pastries",3,"76.25","228.75"
"2024-11-30 10:37:08","Glazed Donut","Pastries",4,"148.75","595.00"
"2024-11-30 10:22:51","Blueberry Muffin","Pastries",1,"185.15","185.15"
"2024-11-30 09:21:44","Flat White","Pastries",2,"113.21","226.42"
"2024-11-30 08:53:25","Cappuccino","Pastries",5,"76.25","381.25"
"2024-11-30 04:23:00","Hot Chocolate","Pastries",1,"131.53","131.53"
"2024-11-30 01:22:40","Tiramisu","Pastries",2,"196.55","393.10"
"2024-11-30 00:09:24","Eclair","Pastries",3,"146.12","438.36"
"2024-11-29 23:55:20","Latte","Pastries",1,"108.74","108.74"
"2024-11-29 21:56:33","Tea","Beverages",5,"106.18","530.90"
"2024-11-29 20:11:18","Hot Chocolate","Pastries",2,"131.53","263.06"
"2024-11-29 18:25:25","Iced Mocha","Pastries",1,"144.00","144.00"
"2024-11-29 16:18:46","Chocolate Chip Muffin","Pastries",3,"103.79","311.37"
"2024-11-29 09:04:04","Latte","Pastries",2,"108.74","217.48"
"2024-11-29 08:04:24","Blueberry Muffin","Pastries",1,"185.15","185.15"
"2024-11-29 07:13:58","Chai Latte","Pastries",2,"100.50","201.00"
"2024-11-29 03:52:54","Espresso","Pastries",5,"195.76","978.80"
"2024-11-29 02:31:01","Latte","Pastries",2,"108.74","217.48"
"2024-11-29 02:22:27","Blueberry Muffin","Pastries",5,"185.15","925.75"
"2024-11-29 01:45:31","Iced Coffee","Beverages",5,"107.80","539.00"
"2024-11-29 00:02:57","Tiramisu","Pastries",5,"196.55","982.75"
"2024-11-28 19:10:30","Tea","Beverages",2,"106.18","212.36"
"2024-11-28 15:07:14","Iced Coffee","Beverages",2,"107.80","215.60"
"2024-11-28 14:07:43","Flat White","Pastries",1,"113.21","113.21"
"2024-11-28 13:56:16","Latte","Pastries",5,"108.74","543.70"
"2024-11-28 11:14:11","Latte","Pastries",2,"108.74","217.48"
"2024-11-28 08:08:10","Almonds","Pastries",1,"5.59","5.59"
"2024-11-28 06:14:36","Apple Turnover","Pastries",2,"154.54","309.08"
"2024-11-28 05:38:44","Mocha","Pastries",5,"61.74","308.70"
"2024-11-28 04:09:09","Flat White","Pastries",1,"113.21","113.21"
"2024-11-27 14:08:42","Cappuccino","Pastries",1,"76.25","76.25"
"2024-11-27 12:07:55","Eclair","Pastries",3,"146.12","438.36"
"2024-11-27 10:41:55","Macchiato","Pastries",4,"93.97","375.88"
"2024-11-27 08:41:07","Glazed Donut","Pastries",1,"148.75","148.75"
"2024-11-27 04:54:14","Tea","Beverages",1,"106.18","106.18"
"2024-11-27 04:06:56","Espresso","Pastries",1,"195.76","195.76"
"2024-11-27 00:18:41","Hot Chocolate","Pastries",4,"131.53","526.12"
"2024-11-27 00:06:05","Tea","Beverages",5,"106.18","530.90"
"2024-11-26 22:49:51","Hot Chocolate","Pastries",1,"131.53","131.53"
"2024-11-26 22:02:50","Chocolate Chip Muffin","Pastries",5,"103.79","518.95"
"2024-11-26 20:26:58","Iced Mocha","Pastries",5,"144.00","720.00"
"2024-11-26 18:30:05","Eclair","Pastries",5,"146.12","730.60"
"2024-11-26 16:43:13","Apple Turnover","Pastries",5,"154.54","772.70"
"2024-11-26 16:33:07","Iced Mocha","Pastries",5,"144.00","720.00"
"2024-11-26 15:44:59","Macchiato","Pastries",3,"93.97","281.91"
"2024-11-26 11:46:47","Espresso","Pastries",5,"195.76","978.80"
"2024-11-26 11:14:18","Americano","Pastries",1,"80.96","80.96"
"2024-11-26 05:13:07","Eclair","Pastries",3,"146.12","438.36"
"2024-11-26 02:57:32","Glazed Donut","Pastries",4,"148.75","595.00"
"2024-11-26 02:52:18","Blueberry Muffin","Pastries",2,"185.15","370.30"
"2024-11-26 02:07:20","Tiramisu","Pastries",3,"196.55","589.65"
"2024-11-25 18:39:16","Espresso","Pastries",4,"195.76","783.04"
"2024-11-25 17:54:50","Hot Chocolate","Pastries",3,"131.53","394.59"
"2024-11-25 17:16:04","Americano","Pastries",4,"80.96","323.84"
"2024-11-25 16:07:18","Apple Turnover","Pastries",3,"154.54","463.62"
"2024-11-25 13:50:01","Apple Turnover","Pastries",1,"154.54","154.54"
"2024-11-25 12:42:50","Americano","Pastries",2,"80.96","161.92"
"2024-11-25 05:58:25","Glazed Donut","Pastries",2,"148.75","297.50"
"2024-11-25 05:08:36","Macchiato","Pastries",2,"93.97","187.94"
"2024-11-25 04:52:51","Tea","Beverages",5,"106.18","530.90"
"2024-11-25 03:38:13","Espresso","Pastries",5,"195.76","978.80"
"2024-11-25 02:24:09","Baguette","Pastries",4,"133.77","535.08"
"2024-11-25 01:42:13","Iced Mocha","Pastries",2,"144.00","288.00"
"2024-11-24 23:37:54","Hot Chocolate","Pastries",1,"131.53","131.53"
"2024-11-24 22:47:05","Chai Latte","Pastries",4,"100.50","402.00"
"2024-11-24 18:24:27","Americano","Pastries",1,"80.96","80.96"
"2024-11-24 06:50:43","Chai Latte","Pastries",5,"100.50","502.50"
"2024-11-24 04:49:27","Eclair","Pastries",1,"146.12","146.12"
"2024-11-24 02:24:59","Tiramisu","Pastries",3,"196.55","589.65"
"2024-11-24 02:00:25","Eclair","Pastries",4,"146.12","584.48"
"2024-11-24 00:11:55","Espresso","Pastries",3,"195.76","587.28"
